id,workout_interval_id,ref,stroke_number,power,avg_power,stroke_rate,time,stroke_length,distance,distance_per_stroke,estimated_500m_time,energy_per_stroke,energy_sum,pulse,work_per_pulse,peak_force,peak_force_pos,rel_peak_force_pos,drive_time,recover_time,k,curve_data,stroke_number_in_interval,avg_calculated_power
,5415635,,1,78.98,78.98,41.49,1.317,162.2,3.81,380.97,189.78,1009.26,1009.26,0,0,559.38,73.3,0.45,1.446,0,0,"4,0,23,64,113,174,220,256,297,327,352,378,400,414,426,433,440,447,455,464,475,483,494,504,516,525,535,541,546,551,554,558,559,556,552,545,540,533,529,522,513,501,485,469,455,437,427,412,398,385,370,353,337,315,296,275,257,240,219,203,181,161,143,118,93,67,39,17,4,1,3,2,2",1,78.984304354576
,5415635,,2,309.9,194.44,45.7,2.616,162.2,9.86,605.48,108.43,970.24,1979.5,0,0,567.83,80,0.49,0.794,0.519,0,"59,50,101,168,227,270,299,315,325,336,350,366,383,396,408,418,424,431,436,440,448,456,464,477,484,494,504,513,522,529,540,543,553,559,563,567,567,562,552,538,524,508,488,470,450,425,410,388,367,353,333,317,304,288,271,259,239,224,212,193,188,173,165,149,133,116,92,73,48,30,16,8,6",2,194.43981328673
,5415635,,3,418.07,268.98,40.96,4.056,160,17.72,785.4,93.26,901.81,2881.31,0,0,537.41,84.4,0.53,0.686,0.779,0,"84,84,121,158,198,233,258,268,271,268,273,277,287,294,301,312,324,336,352,365,381,399,413,428,443,456,465,477,486,491,503,511,515,523,531,533,535,537,527,522,510,495,479,462,447,426,406,387,366,352,337,322,306,290,278,258,245,228,210,200,183,172,162,147,137,122,108,87,69,51,33,19",3,268.98455225123
,5415635,,4,405.66,303.15,30.09,6.049,155.5,28.51,1079.14,92.39,781.02,3662.34,0,0,473.17,75.5,0.49,0.674,1.32,0,"87,74,107,138,164,192,205,210,211,204,205,208,215,225,239,255,275,299,319,338,355,370,379,393,405,414,427,435,445,454,462,468,469,473,468,465,463,454,451,441,431,424,407,395,380,358,345,329,312,304,286,274,262,247,241,226,213,203,187,177,164,144,134,118,101,91,74,57,44,31",4,303.15336327436
,5415635,,5,358,314.12,25.38,8.394,160,40.79,1228.21,96.24,777.02,4439.36,0,0,458.26,73.3,0.46,0.726,1.638,0,"78,63,93,126,155,181,196,199,198,194,195,200,210,216,230,248,265,292,308,326,341,355,369,380,389,400,410,420,432,438,449,453,458,457,457,454,450,446,442,435,430,419,408,396,381,369,350,336,319,301,295,279,269,262,242,229,218,204,198,187,172,161,146,134,125,107,92,78,57,45,27,18",5,314.12246001237
,5415635,,6,342.22,318.81,24.66,10.815,162.2,53.07,1227.75,99.08,829.52,5268.88,0,0,484.88,75.5,0.47,0.751,1.682,0,"73,55,89,120,154,183,203,215,218,218,221,226,231,244,255,272,293,311,334,350,364,380,392,404,414,426,434,445,458,466,473,481,481,484,483,481,484,478,475,473,460,448,436,419,402,391,371,358,345,326,315,297,282,273,254,247,231,217,209,193,187,173,159,150,133,121,107,86,72,54,46,31,20",6,318.80604790012
,5415635,,7,333.93,320.97,23.98,13.307,162.2,65.59,1252.35,99.89,834.29,6103.18,0,0,485.26,77.7,0.48,0.758,1.744,0,"71,61,91,119,151,178,200,215,216,218,221,227,234,248,261,277,299,316,336,356,371,388,403,418,429,439,447,454,462,472,478,482,484,483,485,484,483,474,469,462,454,443,432,420,402,385,369,351,336,328,311,300,285,273,261,248,241,222,215,201,185,174,160,146,134,120,103,92,75,60,46,32,23",7,320.96615393937
,5415635,,8,321.69,321.06,22.75,15.939,162.2,78.61,1302.02,101.27,837.74,6940.92,0,0,496.79,75.5,0.47,0.77,1.867,0,"68,68,94,123,152,176,193,200,204,205,213,220,230,244,258,278,297,319,339,355,372,384,397,408,420,429,443,454,464,478,485,488,493,496,496,496,494,491,484,478,469,452,442,428,411,396,383,362,350,332,319,305,286,275,257,243,233,220,207,200,189,173,162,146,129,118,102,88,74,57,41,27,13",8,321.05694604985
,5415635,,9,316.46,320.55,22.32,18.606,164.4,91.77,1315.79,102.14,851.5,7792.42,0,0,497.02,80,0.49,0.788,1.9,0,"67,45,75,106,135,162,183,196,202,205,209,215,228,239,257,279,296,315,334,348,362,376,386,401,414,429,442,454,467,474,487,490,492,495,494,497,495,493,486,479,473,462,452,442,429,415,403,388,372,356,339,321,310,294,278,263,249,237,224,211,199,186,172,159,146,132,116,102,83,67,56,37,28,18",9,320.54653755297
,5415635,,10,319.73,320.46,23.03,21.199,164.4,104.58,1281.12,101.67,853.19,8645.61,0,0,502.5,77.7,0.47,0.783,1.822,0,"68,56,89,122,156,185,207,216,216,215,215,221,226,239,251,267,287,302,319,333,347,361,377,391,410,424,436,453,459,471,482,487,496,497,502,501,501,499,494,494,484,473,459,444,430,416,399,385,367,347,332,308,297,286,272,260,248,233,226,213,200,189,171,160,146,130,119,105,86,77,58,39,30,14",10,320.46441918841
,5415635,,11,314.09,319.89,22.93,23.811,160,117.43,1284.32,101.88,824.82,9470.43,0,0,493.34,77.7,0.49,0.766,1.851,0,"68,62,97,125,155,182,195,203,207,206,210,219,228,243,258,273,291,306,322,339,349,365,377,391,407,419,431,442,455,467,476,484,487,490,493,489,487,480,475,469,460,451,436,426,410,395,382,364,350,335,318,307,291,280,266,252,242,230,217,202,189,173,157,141,128,106,93,76,57,44,30,20",11,319.88507023231
,5415635,,12,305.07,318.65,22.45,26.471,160,130.42,1299.9,102.82,804.65,10275.08,0,0,494.66,80,0.5,0.774,1.899,0,"66,65,92,122,147,169,183,189,196,199,204,209,216,227,242,259,279,298,315,334,349,365,379,391,404,416,430,444,456,466,477,482,487,492,493,494,491,489,482,473,465,450,433,418,400,384,364,344,325,310,295,287,274,263,249,238,231,214,204,192,177,167,151,136,117,96,80,65,44,36,20,10",12,318.65076327389
,5415635,,13,307.73,317.81,22.46,29.131,162.2,143.33,1290.93,103.45,849.19,11124.27,0,0,509.85,82.2,0.51,0.785,1.886,0,"66,44,78,108,139,166,185,198,205,207,213,223,229,246,259,276,298,310,326,339,350,363,376,390,406,421,439,452,467,476,485,493,499,503,506,508,509,508,503,499,490,480,467,451,434,418,404,389,369,353,333,316,306,287,276,262,248,239,224,209,196,183,168,154,141,120,106,88,69,58,39,26,18",13,317.81035150961
,5415635,,14,309.65,317.23,21.69,31.874,162.2,156.74,1340.91,103.14,870.7,11994.97,0,0,517.32,82.2,0.51,0.783,1.983,0,"65,56,92,122,152,180,197,208,212,215,222,232,242,257,272,288,305,322,337,354,371,386,402,419,429,444,455,466,476,486,493,503,507,513,515,515,517,516,513,506,502,490,477,466,449,433,419,397,381,360,341,325,305,294,277,263,248,234,218,203,193,177,164,151,132,118,102,85,69,53,39,26,15",14,317.22725212528
,5415635,,15,311.36,316.84,23.36,34.435,157.7,169.34,1259.34,101.96,809.38,12804.35,0,0,510.68,82.2,0.52,0.757,1.811,0,"67,57,85,116,145,173,189,196,194,192,193,197,207,220,235,254,274,295,317,334,351,367,384,400,417,432,445,462,472,485,496,500,501,505,506,509,510,506,502,495,483,465,450,430,414,400,377,361,342,327,309,293,279,260,251,236,224,209,193,180,162,149,130,114,97,79,62,46,30,19,6",15,316.8360722207
,5415635,,16,315.59,316.76,23.09,37.013,160,182.02,1267.99,102.45,834.78,13639.12,0,0,514.47,80,0.5,0.767,1.831,0,"67,57,87,116,146,175,195,207,211,214,220,226,236,248,264,282,299,318,335,351,365,382,396,411,427,439,454,464,476,485,493,498,508,509,513,514,509,507,500,491,480,467,453,435,416,399,379,360,346,323,311,295,278,264,250,235,223,215,200,190,177,164,150,134,118,102,83,66,50,31,23,12",16,316.75805546996
,5415635,,17,306.14,316.13,21.99,39.731,160,195.27,1324.9,102.95,817.08,14456.21,0,0,520.74,77.7,0.49,0.776,1.952,0,"66,47,78,104,133,163,180,192,198,202,209,219,230,246,263,279,300,317,336,353,369,382,395,409,423,437,455,471,482,496,503,509,514,516,520,520,520,513,507,490,476,454,430,415,397,380,362,342,323,305,288,272,256,239,230,216,206,202,187,180,164,149,136,121,110,95,79,66,47,37,24,14",17,316.13357302937
,5415635,,18,306.51,315.6,22.42,42.394,160,208.21,1294.03,103.4,834.01,15290.22,0,0,525.84,77.7,0.49,0.775,1.901,0,"65,64,97,126,158,184,198,206,208,211,218,224,235,251,267,287,306,322,341,358,372,389,404,417,434,449,462,476,488,497,507,514,520,523,525,523,521,514,501,495,474,458,440,422,406,389,372,349,334,310,297,284,270,259,242,230,216,203,191,178,163,150,137,121,108,89,76,60,47,34,21,10",18,315.59877318637
,5415635,,19,306.76,315.13,23.24,44.971,157.7,220.76,1255.09,102.86,796.12,16086.34,0,0,499.21,77.7,0.49,0.763,1.819,0,"67,55,87,119,148,173,189,197,198,199,205,212,225,239,257,278,299,319,337,350,365,375,389,404,417,433,447,459,473,482,489,493,494,498,499,498,494,485,476,466,453,437,418,402,383,364,351,329,315,300,282,269,255,244,232,223,214,196,187,169,153,141,122,112,94,81,65,49,36,21,16",19,315.13334801075
,5415635,,20,305.55,314.65,23.94,47.465,157.7,232.94,1218.38,102.84,778.31,16864.65,0,0,483.48,73.3,0.46,0.765,1.741,0,"68,39,69,103,132,160,184,195,197,197,197,201,210,221,234,252,272,290,307,324,336,350,363,375,389,405,422,436,451,460,473,478,483,482,481,483,479,475,464,456,443,436,422,404,389,370,354,339,323,306,291,275,262,249,237,226,217,205,193,180,168,153,137,120,104,86,73,58,50,37,27",20,314.65427722869
,5415635,,21,312.66,314.56,25.2,49.835,155.5,244.6,1165.83,102.12,774.46,17639.1,0,0,481.82,73.3,0.47,0.746,1.635,0,"69,62,94,123,152,176,193,201,204,205,211,220,230,242,259,278,295,315,330,343,357,372,384,400,414,426,440,451,463,469,476,479,481,481,479,475,470,462,451,440,428,410,394,378,358,347,328,313,296,280,269,253,247,235,221,214,199,189,174,164,146,133,123,104,91,78,65,54,44,31",21,314.55952368054
,5415635,,22,316.08,314.63,24.48,52.262,160,256.61,1201.01,102.04,808.65,18447.75,0,0,493.33,80,0.5,0.766,1.685,0,"69,40,69,97,126,156,180,198,208,209,211,214,218,227,241,256,275,295,312,328,346,362,375,391,404,419,431,446,457,465,475,478,483,486,488,493,493,491,490,483,472,463,447,427,418,399,381,368,346,329,314,295,279,265,253,239,224,214,199,186,173,157,144,128,115,98,82,69,53,44,34,23",22,314.62881361602
,5415635,,23,307.93,314.34,25.15,54.639,148.9,268.35,1173.73,101.64,724.81,19172.56,0,0,475.71,73.3,0.49,0.715,1.671,0,"69,64,93,120,148,171,182,187,189,188,192,201,211,225,245,262,283,307,325,340,358,369,383,399,411,428,441,454,462,468,473,473,475,473,473,468,464,456,445,433,416,403,384,367,347,328,304,289,271,252,243,227,213,203,188,176,161,143,128,115,100,87,69,53,43,30,20",23,314.33774250966
,5415635,,24,323.59,314.72,28.46,56.733,153.3,278.78,1043.64,100.99,721.36,19893.92,0,0,466.5,71.1,0.46,0.725,1.383,0,"73,56,84,114,144,174,188,195,198,196,200,205,211,225,239,258,278,301,319,338,355,365,378,389,404,416,430,441,450,459,463,466,465,462,461,454,443,433,419,407,391,376,363,345,331,313,293,277,261,250,238,229,217,205,192,185,172,159,149,133,120,107,91,78,64,51,38,28,20",24,314.723115203
,5415635,,25,312.75,314.64,25.45,59.087,155.5,290.35,1156.71,101.93,749.32,20643.24,0,0,476.77,77.7,0.5,0.747,1.611,0,"70,48,73,102,129,155,179,187,190,191,191,195,202,212,226,243,260,280,298,316,334,350,365,380,391,406,419,432,444,456,462,472,474,472,476,472,465,459,449,435,426,415,402,390,378,358,340,326,306,291,276,262,246,237,220,208,198,186,174,158,146,128,115,99,86,70,57,47,31,24",25,314.64435951077
,5415635,,26,306.42,314.33,24.58,61.507,157.7,302.26,1191.11,102.47,751.74,21394.98,0,0,477.56,71.1,0.45,0.762,1.679,0,"68,44,72,102,131,161,182,190,196,194,194,199,205,218,233,251,270,292,309,327,344,354,367,379,390,408,425,441,456,466,472,477,476,477,473,471,468,461,451,436,420,405,387,371,354,336,320,306,289,279,261,250,241,227,221,209,200,188,176,163,151,136,123,108,90,80,62,49,39,24,16",26,314.32805392237
,5415635,,27,302.48,313.89,24.32,63.962,157.7,314.22,1195.63,103.17,762.26,22157.24,0,0,484.08,75.5,0.48,0.765,1.702,0,"67,42,68,96,124,155,177,191,197,197,198,201,209,222,237,257,277,295,314,330,342,356,368,382,398,412,431,448,457,468,474,476,483,484,482,479,473,464,454,442,426,412,392,383,371,359,346,328,311,297,279,269,251,237,228,211,202,190,178,163,151,138,118,105,85,69,59,41,34,21,8",27,313.88917629982
,5415635,,28,303.78,313.53,23.81,66.47,157.7,326.39,1216.96,103.54,794.51,22951.75,0,0,494.45,75.5,0.48,0.766,1.754,0,"66,51,82,114,144,172,191,203,202,204,205,209,223,235,251,270,284,300,315,329,343,357,372,387,403,420,436,450,464,474,483,489,492,494,493,492,489,480,473,462,451,438,419,406,388,375,358,340,326,312,294,284,266,252,243,224,215,200,188,178,166,150,135,119,101,91,75,60,47,31,21",28,313.52821390462
,5415635,,29,310.81,313.43,24.48,68.907,160,338.36,1196.92,102.39,780.98,23732.73,0,0,488,77.7,0.49,0.77,1.681,0,"68,42,72,106,138,170,195,208,212,208,207,210,217,226,239,253,269,287,301,315,330,344,362,379,394,411,426,442,456,468,476,481,486,485,488,484,475,471,461,448,435,420,403,387,377,357,347,328,314,301,289,278,265,253,239,225,213,201,189,176,161,148,133,123,110,97,84,70,55,42,26,16",29,313.43440971447
,5415635,,30,312.17,313.39,24.93,71.313,157.7,350.15,1179.21,102.06,783.7,24516.43,0,0,481.27,77.7,0.49,0.754,1.653,0,"68,52,83,113,147,178,200,208,208,208,207,216,225,235,252,268,288,310,326,343,356,366,380,394,409,421,437,446,457,465,470,476,479,479,481,474,469,463,453,448,434,424,411,392,379,362,343,329,311,291,280,264,255,244,232,220,210,198,185,175,157,146,130,115,104,85,75,59,45,35,22",30,313.39242485163
,5415635,,31,314.19,313.42,25.04,73.686,153.3,361.89,1174.64,101.99,772.89,25289.32,0,0,495.95,75.5,0.49,0.731,1.665,0,"69,69,95,124,160,182,197,201,200,199,204,212,224,240,257,278,298,317,334,350,364,383,399,414,430,443,454,462,470,477,481,490,491,495,495,489,486,469,461,447,432,421,400,385,367,351,332,317,299,283,266,252,238,226,216,201,191,173,163,147,131,118,96,85,72,56,45,29,19",31,313.41828712501
,5415635,,32,308.68,313.27,23.95,76.183,157.7,374.12,1222.4,102.46,770.74,26060.07,0,0,479.84,71.1,0.45,0.758,1.747,0,"68,65,92,122,154,179,194,198,198,195,196,203,212,224,242,259,278,298,314,330,346,364,379,396,413,428,445,458,468,473,478,479,479,478,478,476,471,468,455,449,435,418,405,386,366,353,332,311,301,283,267,256,242,231,219,210,195,185,175,160,150,137,119,111,95,80,66,51,38,25,17",32,313.27035585952
,5415635,,33,300.07,312.87,23.59,78.721,157.7,386.42,1230.03,103.37,763.2,26823.26,0,0,483.7,75.5,0.48,0.767,1.776,0,"67,42,68,99,130,159,184,193,194,194,191,197,204,214,229,247,265,286,304,317,334,348,363,381,395,413,430,445,460,467,475,481,482,483,482,479,475,464,457,445,429,420,403,385,374,354,337,323,305,290,277,260,249,238,227,218,203,196,182,170,160,142,127,112,100,82,69,54,39,28,18",33,312.87040789353
,5415635,,34,300.88,312.52,24.52,81.154,155.5,398.26,1183.68,103.36,754.47,27577.73,0,0,483.17,71.1,0.46,0.754,1.693,0,"67,62,92,120,149,173,187,190,191,191,195,202,214,228,242,262,278,297,313,329,345,359,377,393,408,426,441,454,466,474,478,483,480,479,477,473,467,459,449,434,425,408,390,374,353,333,319,302,288,275,257,249,233,226,212,198,191,171,164,154,137,127,112,96,84,68,56,40,33,23",34,312.51787289593
,5415635,,35,305.89,312.33,24.96,83.536,157.7,409.92,1166.16,103.07,766.79,28344.52,0,0,476.22,75.5,0.48,0.761,1.643,0,"68,58,85,113,142,166,182,188,191,191,195,203,212,225,240,257,279,297,314,330,343,360,374,389,402,415,429,442,455,462,470,475,475,476,474,468,463,453,445,436,424,414,397,381,368,353,338,326,309,295,279,264,250,236,225,213,196,191,176,167,157,141,128,116,100,90,77,59,48,33,20",35,312.32855269956
,5415635,,36,302.33,312.05,24.29,86.003,157.7,421.9,1198.42,103.05,749.25,29093.77,0,0,481.54,71.1,0.45,0.764,1.706,0,"68,58,83,108,135,157,170,177,180,179,185,190,200,214,230,248,271,288,308,326,340,357,372,389,405,420,438,449,464,471,476,481,478,481,478,474,469,458,448,433,419,405,387,375,359,336,323,302,289,275,259,251,232,226,215,203,193,181,167,154,144,129,119,104,89,74,61,43,36,23,13",36,312.05082566288
,5415635,,37,297.53,311.66,24.74,88.416,157.7,433.62,1172.36,103.42,735.22,29828.99,0,0,470.05,73.3,0.46,0.768,1.657,0,"67,41,71,93,119,145,162,174,176,176,178,180,188,200,209,228,248,268,290,307,321,338,350,365,382,396,412,430,444,454,464,467,470,468,469,467,461,454,446,434,425,409,392,379,361,346,326,308,294,277,267,254,246,235,221,212,198,189,177,165,153,138,123,106,88,73,61,46,36,26,18",37,311.65831552505
,5415635,,38,300.07,311.35,24.27,90.867,157.7,445.52,1189.54,103.91,772.59,30601.58,0,0,483.19,73.3,0.46,0.769,1.703,0,"67,45,76,99,130,158,176,190,191,192,194,198,206,216,230,246,266,287,304,324,340,354,374,391,405,422,434,447,455,466,472,476,483,480,481,478,472,467,458,448,440,427,410,397,377,360,343,323,306,294,277,264,256,243,231,223,211,199,190,178,160,151,136,120,105,93,77,65,52,37,27",38,311.35331742293
,5415635,,39,301.43,311.1,23.79,93.376,157.7,457.71,1218.5,103.49,778.5,31380.07,0,0,484.74,73.3,0.46,0.767,1.755,0,"66,59,86,115,145,168,187,194,194,198,199,206,218,229,248,266,285,304,320,335,351,366,383,400,418,435,448,460,467,476,479,483,484,479,482,479,474,470,458,448,437,423,406,391,372,353,335,319,300,287,272,254,246,232,220,211,199,190,178,166,153,141,125,115,100,90,80,62,49,34,24",39,311.09880110204
,5415635,,40,297.71,310.76,24.14,95.856,155.5,469.72,1200.99,103.46,737.31,32117.39,0,0,482.49,68.8,0.44,0.759,1.726,0,"67,45,68,92,119,147,169,181,187,188,189,199,207,221,240,257,278,297,317,336,352,369,385,401,415,431,447,462,473,480,482,480,479,474,469,462,454,442,432,423,404,392,374,353,336,321,303,286,274,257,246,236,222,213,204,193,186,172,157,148,130,123,106,93,81,63,53,41,31,21",40,310.76405625621
,5415635,,41,291.79,310.3,23.98,98.337,157.7,481.71,1199.94,104.26,736.87,32854.26,0,0,471.2,71.1,0.45,0.773,1.729,0,"66,53,82,112,139,163,179,186,187,188,191,197,210,222,240,259,276,296,314,329,342,355,367,383,399,416,433,446,456,466,469,471,470,463,461,453,447,437,423,417,399,389,369,351,334,315,304,288,271,259,244,233,225,217,208,199,190,178,167,155,145,131,119,106,87,77,62,48,38,23,14",41,310.30128868471
,5415635,,42,289.51,309.81,23.69,100.857,153.3,493.75,1203.97,105.19,750.57,33604.82,0,0,485.69,71.1,0.46,0.755,1.778,0,"65,63,88,114,144,165,179,186,188,191,199,206,220,236,252,271,290,309,324,340,357,373,390,409,425,442,457,469,475,481,483,485,485,481,482,471,465,458,443,435,419,403,389,371,350,333,315,297,285,266,251,241,225,216,205,191,182,165,153,139,122,107,92,83,68,56,43,29,24",42,309.80620444943
,5415635,,43,289.54,309.33,23.5,103.399,157.7,505.92,1217.06,104.88,756.97,34361.79,0,0,480.19,71.1,0.45,0.778,1.775,0,"65,38,66,90,117,142,162,175,180,185,188,193,202,215,230,249,266,284,303,315,333,349,363,386,405,423,442,457,468,477,479,480,480,479,477,478,473,467,460,447,437,422,404,390,365,349,328,310,296,277,268,250,242,232,221,212,198,189,175,161,151,137,122,112,93,83,71,56,49,34,24",43,309.33495841672
,5415635,,44,292.91,308.96,24.23,105.861,155.5,517.78,1185.99,104.39,739.56,35101.36,0,0,476.92,68.8,0.44,0.763,1.713,0,"66,54,80,106,137,162,180,187,191,195,199,209,219,231,247,262,281,298,315,333,348,365,383,397,414,429,444,459,467,473,476,472,472,469,463,461,453,446,432,417,403,384,371,351,334,314,294,282,266,256,248,239,229,220,211,198,191,177,163,149,134,122,105,95,80,63,53,36,24,14",44,308.96159835231
,5415635,,45,297.01,308.7,24.49,108.298,155.5,529.53,1174.68,104.28,761.94,35863.3,0,0,508,77.7,0.5,0.76,1.69,0,"66,51,74,102,133,157,176,183,185,188,190,198,211,222,239,255,273,291,310,324,341,361,379,402,422,441,459,470,483,492,495,503,504,504,508,499,494,484,469,453,435,417,400,382,364,342,324,305,291,274,261,245,232,223,209,200,185,171,159,147,132,119,107,94,82,66,56,41,31,21",45,308.69593963466
,5415635,,46,301.03,308.53,24.08,110.787,157.7,541.55,1201.7,103.69,769.71,36633,0,0,493.41,73.3,0.46,0.767,1.725,0,"66,62,89,119,145,169,185,187,189,187,191,199,210,227,247,265,288,306,322,340,355,373,391,409,426,442,457,467,476,484,488,491,493,490,489,484,474,463,451,438,423,408,391,373,358,338,323,304,289,274,257,246,232,221,215,200,194,182,172,165,147,140,122,107,97,77,67,51,36,29,14",46,308.52930421586
,5415635,,47,297.9,308.3,23.14,113.358,155.5,553.99,1244.41,104.19,784.86,37417.86,0,0,505.22,75.5,0.49,0.76,1.833,0,"65,60,90,121,149,173,189,192,194,197,201,212,223,240,258,279,302,320,341,354,370,385,401,421,438,458,472,481,489,492,496,501,503,505,504,502,497,487,474,457,440,417,400,380,361,341,323,309,292,282,267,254,245,229,218,204,189,177,162,150,138,123,110,95,85,72,62,49,32,22",47,308.30311660439
,5415635,,48,297.36,308.08,23.06,115.949,160,566.5,1250.58,104.03,777.08,38194.95,0,0,493.24,71.1,0.44,0.783,1.819,0,"65,47,77,108,136,164,185,194,197,201,204,210,222,231,248,267,285,306,323,337,351,366,382,399,417,433,448,461,473,483,488,493,493,489,486,481,469,461,445,428,417,401,386,373,356,337,324,303,292,277,265,254,246,235,224,215,199,194,183,171,161,146,134,119,109,92,82,67,54,44,29,22",48,308.07517903294
,5415635,,49,298.77,307.89,23.09,118.541,160,578.96,1245.83,104.27,784.54,38979.49,0,0,500.51,73.3,0.46,0.782,1.816,0,"65,51,85,117,150,178,193,200,200,198,204,214,226,246,265,286,304,318,334,345,361,378,394,415,433,450,465,477,480,491,492,496,500,496,500,493,485,477,460,446,428,410,393,377,356,336,318,297,280,268,250,239,231,220,211,202,192,178,171,161,152,142,132,115,105,92,74,64,44,32,19,10",49,307.88534730768
,5415635,,50,299.54,307.72,24.16,121.012,155.5,590.93,1197.14,103.71,779.44,39758.93,0,0,498.36,75.5,0.49,0.757,1.726,0,"66,51,79,106,133,158,173,180,183,186,191,201,212,227,246,264,282,301,317,336,353,372,389,406,426,439,456,470,479,488,492,496,496,498,497,492,489,481,474,460,449,433,414,401,380,366,346,327,315,296,281,265,247,236,219,207,195,181,173,161,143,136,118,103,92,74,62,51,36,23",50,307.7184595135
,5415635,,51,295.87,307.49,23.14,123.594,155.5,603.41,1247.76,103.91,760.48,40519.4,0,0,499.24,71.1,0.46,0.759,1.834,0,"65,63,92,121,148,173,185,189,194,194,202,212,223,240,255,274,290,306,324,338,355,372,391,411,429,450,462,477,484,492,496,499,499,497,494,487,479,464,450,435,419,403,385,367,348,328,309,293,276,261,245,232,221,209,200,189,179,167,158,145,131,118,103,91,76,66,53,41,26,16",51,307.48605183454
,5415635,,52,299.42,307.33,22.31,126.268,162.2,616.22,1281.6,104.91,822.74,41342.14,0,0,514.25,75.5,0.47,0.796,1.893,0,"64,40,71,104,135,167,185,194,198,198,205,218,229,248,266,283,303,319,336,351,367,381,395,413,430,446,463,474,483,491,501,504,511,514,513,511,503,494,482,471,459,444,431,412,392,378,359,339,326,304,292,280,267,254,238,229,215,206,194,182,169,160,150,137,127,112,97,81,66,48,35,20,13",52,307.33098263081
,5415635,,53,300.32,307.2,23.63,128.786,155.5,628.5,1227.81,103.4,773.17,42115.31,0,0,493.52,75.5,0.49,0.758,1.781,0,"66,53,84,114,145,176,195,203,208,210,214,224,233,246,261,278,295,312,330,342,357,370,389,405,420,436,449,455,465,470,477,486,488,493,486,485,479,466,461,444,433,419,400,384,363,346,328,309,297,280,267,251,236,227,210,199,192,172,165,150,133,123,110,97,87,75,62,54,39,29",53,307.19865356335
,5415635,,54,304.01,307.14,23.77,131.299,160,640.7,1219.63,103.47,791.28,42906.59,0,0,489.37,82.2,0.51,0.778,1.746,0,"67,46,77,105,132,160,179,188,192,194,198,205,216,228,242,259,274,291,310,324,342,359,375,396,413,432,448,462,472,476,482,484,485,486,487,488,489,483,476,469,457,446,428,406,386,364,347,331,315,298,283,267,254,245,234,225,218,202,192,175,160,150,135,122,112,101,86,73,58,42,30,17",54,307.13966168241
,5415635,,55,300.59,307.02,23.46,133.853,155.5,653.06,1236.44,103.44,772.85,43679.44,0,0,519.17,71.1,0.46,0.758,1.8,0,"66,55,81,111,138,164,180,191,197,200,207,212,221,232,246,261,278,298,319,340,358,379,396,414,434,451,468,482,493,505,512,519,516,510,504,491,483,471,455,444,426,410,395,379,364,347,331,313,293,281,263,250,236,220,208,197,182,173,158,148,135,120,108,93,77,70,52,39,32,14",55,307.02062505524
,5415635,,56,295.94,306.82,22.57,136.498,157.7,665.79,1273.32,104.37,788.33,44467.77,0,0,502.93,75.5,0.48,0.774,1.884,0,"65,50,80,110,142,171,189,197,202,205,212,220,231,245,259,278,298,317,338,353,368,381,397,411,427,444,458,471,486,492,499,501,500,502,500,498,491,485,473,459,442,420,404,382,363,346,326,310,294,274,262,244,231,222,208,202,190,178,169,159,149,137,125,112,100,87,75,65,50,35,27",56,306.82270769857
,5415635,,57,296.91,306.65,23.52,139.028,157.7,678.06,1226.31,104.01,772.74,45240.51,0,0,490.23,77.7,0.49,0.773,1.778,0,"66,43,72,101,131,159,177,187,190,191,193,200,210,225,243,262,280,299,314,330,345,361,377,394,415,437,453,472,480,484,488,487,489,488,490,487,482,473,465,451,436,423,400,387,366,347,332,314,298,283,266,251,242,226,218,206,195,180,171,159,147,139,119,112,100,87,82,67,55,45,32",57,306.64887322926
,5415635,,58,291.87,306.39,22.81,141.652,157.7,690.64,1258.12,104.52,769.87,46010.38,0,0,486.37,75.5,0.48,0.778,1.852,0,"65,46,76,105,137,166,186,195,197,196,198,203,213,226,244,260,280,298,313,330,345,362,379,396,413,429,445,456,467,473,480,480,482,486,484,483,476,470,461,448,436,418,402,387,372,353,336,319,303,284,270,257,244,233,220,209,195,183,171,160,148,133,123,106,94,81,67,52,42,30,18",58,306.39414531936
,5415635,,59,287.48,306.07,22.7,144.274,157.7,703.22,1257.87,105.06,768.6,46778.98,0,0,499.64,71.1,0.45,0.781,1.862,0,"64,48,74,95,123,149,164,175,180,183,190,199,209,224,242,260,279,297,314,331,346,364,382,400,421,438,456,467,480,488,491,499,497,494,494,488,479,471,459,442,430,410,390,379,355,341,324,304,288,272,259,247,239,226,215,206,197,188,177,165,156,141,132,120,100,95,76,61,52,35,25",59,306.07363045094
,5415635,,60,288.78,305.79,22.31,146.951,157.7,715.96,1274.04,105.53,784.7,47563.68,0,0,502.11,73.3,0.46,0.781,1.908,0,"63,60,89,117,148,171,185,191,194,196,203,213,227,244,262,282,300,319,338,354,373,392,409,431,445,462,473,479,488,494,498,501,502,499,499,493,484,474,456,440,425,406,389,374,354,337,317,302,286,271,261,249,236,225,214,205,194,182,168,156,144,132,120,108,93,81,69,54,45,30,18",60,305.78548023916
,5415635,,61,293.26,305.58,22.27,149.639,160,728.75,1279.65,105.26,821.3,48384.98,0,0,516.89,75.5,0.47,0.788,1.906,0,"63,52,82,110,138,165,179,187,191,193,199,209,221,240,259,277,299,316,333,355,372,391,412,428,446,464,479,490,499,505,510,515,513,516,512,506,506,495,487,477,461,444,429,410,392,372,355,342,322,310,293,273,265,250,236,227,213,202,190,178,165,153,141,126,113,98,83,70,55,45,32,27",61,305.5801488629
,5415635,,62,289.04,305.31,21.62,152.391,160,741.97,1321.59,104.99,785.07,49170.05,0,0,503.27,73.3,0.46,0.791,1.984,0,"63,58,90,121,153,177,192,197,198,200,205,215,224,240,256,275,297,313,332,346,364,380,399,416,432,449,463,476,484,490,497,500,503,500,494,486,475,463,446,430,413,393,374,357,338,322,309,295,284,272,259,249,244,231,225,209,200,189,177,168,151,144,130,122,113,100,88,76,61,44,30,15",62,305.31336820844
,5415635,,63,287.69,305.03,22.96,154.993,155.5,754.39,1241.67,105.22,759.56,49929.61,0,0,482.97,75.5,0.49,0.77,1.843,0,"64,51,78,108,143,169,188,197,201,203,209,219,230,245,259,272,290,305,321,339,351,369,385,400,418,432,445,457,466,470,477,479,481,482,482,479,472,464,451,431,419,399,385,374,354,342,322,302,289,268,258,243,232,221,210,197,185,172,157,148,134,124,107,95,83,68,59,49,37,25",63,305.03356144028
,5415635,,64,293.47,304.85,23.32,157.56,157.7,766.65,1225.91,104.94,794.36,50723.97,0,0,513.59,77.7,0.49,0.777,1.796,0,"64,37,66,94,122,150,173,184,192,197,198,206,216,231,247,265,281,297,313,328,344,359,375,391,410,426,447,462,475,486,491,499,504,506,513,513,507,503,491,481,466,451,432,411,398,375,359,344,326,309,295,275,260,244,228,212,200,186,174,162,152,140,128,118,103,90,80,65,52,42,32",64,304.85289617165
,5415635,,65,294.59,304.7,22.12,160.259,157.7,779.6,1295.32,104.68,793.65,51517.62,0,0,505.5,73.3,0.46,0.775,1.937,0,"64,59,90,119,155,187,206,217,219,219,226,235,249,266,284,301,322,336,351,367,380,397,416,432,448,463,477,489,497,500,503,504,505,505,497,496,483,468,451,432,412,393,375,355,343,323,312,298,281,269,254,241,232,221,210,198,189,177,168,158,146,134,119,107,94,82,72,57,47,37,25",65,304.69503772076
,5415635,,66,293.78,304.53,22.71,162.888,157.7,792.22,1261.92,104.68,791.97,52309.59,0,0,514.15,75.5,0.48,0.775,1.867,0,"64,45,71,99,130,160,182,195,202,206,212,219,231,244,259,279,297,315,335,350,364,380,397,410,429,443,458,475,487,495,503,506,511,514,512,508,500,484,463,447,426,414,398,384,373,356,346,328,312,295,276,263,248,232,223,207,197,186,174,161,149,134,122,109,97,84,72,57,39,32,17",66,304.52973396552
,5415635,,67,289.69,304.31,22.28,165.568,155.5,805.04,1282.4,105,770.26,53079.85,0,0,507.11,71.1,0.46,0.767,1.926,0,"63,62,87,118,147,172,190,199,207,211,219,229,240,254,269,284,302,320,334,350,366,381,399,419,434,452,468,479,490,500,504,507,504,501,497,492,481,471,456,437,424,400,385,369,348,334,316,298,281,267,247,234,216,202,193,182,172,161,146,134,127,112,103,93,76,68,54,39,29,22",67,304.30825522739
,5415635,,68,293.25,304.15,23.48,168.109,153.3,817.22,1217.73,104.91,777.76,53857.61,0,0,512.95,71.1,0.46,0.752,1.803,0,"64,60,86,116,143,169,186,195,204,206,212,221,231,248,264,279,301,319,336,357,376,395,417,434,449,466,477,483,496,501,508,512,510,510,508,503,494,480,464,446,428,414,399,381,364,345,325,308,294,272,256,241,225,213,199,185,173,161,151,139,126,114,99,86,71,56,43,33,23",68,304.14564438824
,5415635,,69,294.53,304.01,22.56,170.754,157.7,829.91,1269.41,104.73,802.57,54660.18,0,0,519.53,73.3,0.46,0.774,1.885,0,"64,41,65,91,119,150,174,190,199,202,206,213,219,230,246,260,285,306,329,348,363,378,393,410,428,445,462,478,491,503,512,516,519,518,519,517,513,511,501,491,475,457,441,418,395,377,350,332,320,296,281,266,245,234,220,206,197,185,175,163,153,138,123,110,95,82,69,59,46,34,24",69,304.00632536948
,5415635,,70,299.22,303.94,23.28,173.319,153.3,842.3,1238.97,104,786.89,55447.06,0,0,527.07,77.7,0.51,0.748,1.829,0,"65,53,77,103,136,163,186,198,204,208,214,221,235,249,264,281,297,314,329,347,362,378,396,413,431,448,463,477,490,498,508,515,519,526,527,525,520,507,490,474,455,437,420,398,379,359,339,325,306,286,271,252,234,217,200,186,171,161,149,134,126,113,101,90,80,67,57,44,32",70,303.93788462092
,5415635,,71,294.79,303.81,22.86,175.932,157.7,854.92,1261.57,104.04,760.57,56207.64,0,0,497.52,73.3,0.46,0.774,1.851,0,"65,52,76,100,132,160,180,195,202,206,210,216,224,237,252,267,284,298,317,334,351,370,383,397,415,426,443,455,465,480,487,495,497,495,495,490,481,473,455,435,415,395,375,357,347,327,317,305,286,274,259,244,231,215,204,190,176,166,149,140,130,120,113,108,98,88,78,59,42,27,12",71,303.80908104646
,5415635,,72,283.83,303.53,22.22,178.608,155.5,867.7,1278.19,105.62,756.45,56964.08,0,0,486.07,73.3,0.47,0.774,1.926,0,"63,49,74,101,133,162,182,196,200,201,207,212,224,238,254,272,291,311,329,348,367,383,402,417,428,444,454,464,474,480,484,485,486,482,482,477,470,460,448,432,415,398,379,360,340,321,306,290,279,263,246,233,218,210,196,185,176,165,156,146,132,123,111,99,90,75,63,51,39,25",72,303.53162522539
,5415635,,73,291.34,303.36,22.57,181.262,160,880.28,1258.25,105.62,814.43,57778.51,0,0,513.38,75.5,0.47,0.79,1.868,0,"63,38,68,100,131,164,190,204,213,215,219,227,234,247,257,272,287,303,320,336,352,371,386,405,423,437,453,467,478,488,496,503,506,513,510,509,509,503,495,488,475,461,444,424,403,385,366,349,331,311,292,272,259,246,232,221,205,193,181,167,157,142,132,120,107,100,85,77,57,45,37,17",73,303.36464338189
,5415635,,74,297.32,303.28,22.56,183.909,155.5,893.01,1272.79,104.49,812.65,58591.16,0,0,515.08,77.7,0.5,0.76,1.9,0,"64,64,92,126,160,191,210,219,222,224,230,240,252,264,277,291,310,328,347,364,378,395,411,426,444,457,469,484,488,502,505,508,514,512,515,514,510,504,494,481,464,444,428,406,389,370,350,336,317,300,283,262,243,224,208,196,184,171,154,141,128,118,108,98,90,80,69,57,39,28",74,303.28291648696
,5415635,,75,301.31,303.26,22.52,186.559,157.7,905.82,1280.49,104.02,818.2,59409.36,0,0,519.81,73.3,0.46,0.768,1.896,0,"65,44,70,98,129,162,192,206,215,220,223,232,242,254,270,287,306,324,343,360,373,389,406,419,440,455,469,483,493,505,512,516,519,518,518,514,512,504,496,485,468,455,434,414,396,372,354,336,317,302,284,266,250,233,216,207,197,185,175,163,150,140,130,114,104,93,80,70,57,39,29",75,303.25656342964
,5415635,,76,305.47,303.29,22.3,189.228,160,918.79,1297.24,103.72,847.26,60256.62,0,0,522.31,80,0.5,0.776,1.915,0,"65,43,70,97,127,159,189,206,217,223,226,235,246,257,272,286,307,324,337,356,366,383,400,413,432,443,457,469,476,487,497,503,511,516,518,522,520,517,513,505,496,482,462,448,430,412,400,380,359,345,323,305,289,270,254,231,222,204,192,182,166,159,145,132,119,106,95,79,66,52,37,29",76,303.28573114838
,5415635,,77,313.54,303.42,23.37,191.791,157.7,931.33,1254.44,102.32,818.16,61074.78,0,0,513.13,75.5,0.48,0.756,1.811,0,"67,50,82,113,147,183,203,217,224,223,231,238,248,260,274,289,303,317,332,346,364,377,394,409,423,439,452,465,478,487,496,503,507,513,512,509,507,499,496,489,480,467,450,432,411,391,365,346,326,306,295,276,262,251,228,213,200,182,175,162,149,138,122,108,95,82,68,55,44,31,23",77,303.41889744246
,5415635,,78,312.36,303.53,25.43,194.138,151.1,942.95,1162.03,101.5,721.14,61795.92,0,0,469.43,68.8,0.46,0.723,1.636,0,"70,54,88,119,155,186,204,216,216,217,219,222,231,244,262,280,298,319,336,352,367,379,394,407,420,433,444,455,461,465,469,469,462,457,447,439,428,418,408,392,381,364,344,330,314,297,287,271,258,247,231,219,210,193,180,168,156,146,133,120,107,94,82,69,53,43,33,20",78,303.5335762337
,5415635,,79,322.41,303.77,28.45,196.236,151.1,953.38,1042.81,101.12,725.66,62521.57,0,0,487.04,73.3,0.49,0.713,1.396,0,"72,70,101,131,166,191,204,210,208,211,216,224,237,250,262,277,290,303,317,329,340,353,368,384,406,420,438,453,459,476,481,483,487,477,472,464,450,436,423,409,393,380,362,348,329,316,298,282,266,247,235,215,202,187,174,162,149,141,128,120,109,93,80,66,53,40,29,19",79,303.77256716477
,5415635,,80,322.37,304.01,28.24,198.34,148.9,963.94,1055.88,100.63,711.74,63233.31,0,0,480.91,68.8,0.46,0.7,1.425,0,"72,69,97,126,156,182,197,201,202,205,208,216,224,235,250,267,283,301,317,331,345,360,376,393,411,425,442,459,467,474,480,480,479,476,468,455,443,426,413,401,384,368,352,330,313,300,276,265,248,231,219,207,194,182,174,161,151,140,127,116,106,92,79,66,52,42,28",80,304.00502184038
,5415635,,81,332.47,304.36,29.46,200.367,148.9,974.12,1018.47,100,709.35,63942.67,0,0,482.39,71.1,0.48,0.696,1.341,0,"75,48,76,109,142,174,202,211,213,212,209,215,222,230,245,259,278,298,319,337,352,369,384,402,416,430,443,452,463,471,474,482,479,477,471,458,445,428,409,394,376,360,344,326,308,292,273,257,245,230,220,208,198,185,172,161,148,140,129,119,105,92,81,70,56,48,35",81,304.35644832023
,5415635,,82,341.62,304.81,29.67,202.376,151.1,984.33,1020.56,99.06,729.49,64672.16,0,0,477.47,71.1,0.47,0.699,1.323,0,"75,55,88,118,156,188,211,222,225,225,230,237,245,257,268,281,298,316,334,349,362,376,389,404,418,430,443,454,465,469,476,477,473,474,462,454,444,428,413,398,382,366,348,336,320,301,290,268,255,240,228,212,202,189,175,170,151,145,132,115,112,98,84,79,65,51,43,26",82,304.81083078277
,5415635,,83,338.62,305.22,29.81,204.378,146.6,994.52,1018.83,98.79,704.54,65376.7,0,0,461.56,73.3,0.5,0.678,1.335,0,"76,76,105,138,171,195,210,212,212,213,215,220,230,240,254,272,288,309,327,341,357,367,380,389,402,414,428,440,447,456,456,457,461,454,451,446,432,423,411,396,380,363,346,328,312,293,279,261,246,231,219,206,192,182,169,158,147,133,122,108,97,86,72,61,50,36",83,305.21819151618
,5415635,,84,333.9,305.56,28.48,206.473,151.1,1005.12,1059.99,99.39,705.17,66081.87,0,0,455.42,68.8,0.46,0.704,1.403,0,"75,48,80,108,140,174,196,207,213,213,214,217,224,234,246,261,276,298,317,337,354,366,382,393,408,420,428,439,445,450,455,453,451,449,444,436,428,412,403,391,378,364,345,330,312,297,280,261,252,235,222,215,197,187,174,161,150,140,129,118,110,97,91,78,69,59,45,34",84,305.55959216943
,5415635,,85,329.62,305.84,29.25,208.516,148.9,1015.41,1028.98,99.66,692.45,66774.32,0,0,459.28,73.3,0.49,0.694,1.357,0,"74,63,90,123,159,187,205,215,215,216,219,224,236,244,257,269,286,303,318,333,348,360,372,386,394,409,419,431,442,451,458,458,459,457,447,440,429,411,401,386,366,352,332,312,302,283,264,250,235,223,208,201,185,172,165,151,138,133,119,106,98,82,68,57,41,33,25",85,305.84259801148
,5415635,,86,331.92,306.15,29.35,210.555,148.9,1025.63,1022.16,99.98,706.67,67480.99,0,0,471.5,73.3,0.49,0.695,1.349,0,"74,52,81,106,142,175,196,210,212,210,214,219,227,237,251,262,280,300,317,337,354,367,383,400,412,428,438,447,459,464,469,470,471,465,461,456,441,430,412,395,382,360,346,326,306,287,271,257,245,235,223,210,200,185,174,161,148,140,126,113,99,88,75,67,58,42,31",86,306.14579705822
,5415635,,87,336.72,306.5,30.03,212.542,151.1,1035.71,1007.7,99.14,709.59,68190.59,0,0,444.65,77.7,0.51,0.7,1.298,0,"75,58,87,114,147,177,196,204,208,206,211,221,229,243,255,269,282,301,319,332,347,357,367,378,390,402,407,417,417,423,429,432,439,440,444,443,442,436,428,416,401,385,371,354,336,316,297,280,260,251,233,220,213,197,184,174,157,146,133,122,108,97,86,72,58,44,31,22",87,306.49721843489
,5415635,,88,340.68,306.89,29.64,214.554,148.9,1045.93,1022.01,99.02,718.67,68909.25,0,0,484.99,71.1,0.48,0.687,1.337,0,"75,71,100,132,165,194,206,211,212,212,217,225,235,247,262,278,300,322,340,359,371,386,401,412,424,437,448,457,468,476,481,484,481,474,462,452,436,417,400,381,362,347,330,314,298,281,269,252,239,229,214,206,199,185,177,167,150,142,128,114,106,92,78,70,58,45,39",88,306.88567811143
,5415635,,89,340.76,307.27,29.93,216.541,148.9,1056.09,1015.91,98.68,699.49,69608.74,0,0,470.56,68.8,0.46,0.685,1.32,0,"76,67,94,125,161,191,209,219,220,220,223,228,239,251,266,283,300,320,336,353,371,384,401,411,423,433,442,455,457,469,470,470,470,461,450,439,420,403,382,363,346,326,312,293,277,262,245,232,222,212,202,192,181,170,160,154,141,130,121,107,96,82,71,63,52,43,35",89,307.26632690369
,5415635,,90,346.12,307.7,30.27,218.511,151.1,1066.13,1004.39,98.67,728.01,70336.75,0,0,486.18,73.3,0.49,0.694,1.288,0,"77,49,78,105,136,168,194,206,212,210,211,218,224,236,247,261,276,295,315,335,354,370,387,402,415,428,442,451,462,470,477,485,486,484,477,472,462,449,434,412,396,376,359,341,319,303,286,271,264,249,236,223,210,196,183,175,161,153,141,124,116,102,87,82,65,59,48,36",90,307.69806691339
,5415635,,91,348.04,308.14,29.75,220.518,148.9,1076.41,1027.76,98.13,718.66,71055.41,0,0,471.06,71.1,0.48,0.682,1.335,0,"77,69,100,132,167,200,216,226,223,224,228,234,247,254,269,280,297,315,332,349,365,379,394,408,420,434,443,452,461,463,468,471,466,463,455,447,438,421,406,387,368,355,335,324,305,291,279,258,248,233,220,207,193,185,172,161,152,135,124,116,101,90,79,65,53,45,31",91,308.14136615597
,5415635,,92,345.15,308.54,29.64,222.534,146.6,1086.69,1028.03,98.44,713.5,71768.92,0,0,471.51,68.8,0.47,0.675,1.349,0,"77,73,104,136,173,202,213,220,216,214,217,222,232,243,259,279,302,325,345,361,377,390,405,419,431,444,453,458,465,470,471,471,467,459,451,440,426,412,399,383,366,351,338,320,309,289,272,260,242,232,219,209,198,179,168,154,141,132,118,104,93,82,67,56,48,37",92,308.54366229196
,5415635,,93,337.57,308.86,28.14,224.663,151.1,1097.45,1076.07,99.06,721.3,72490.22,0,0,476.74,68.8,0.46,0.7,1.432,0,"75,72,99,131,161,189,205,214,214,216,220,222,235,246,258,279,296,317,337,354,369,382,395,408,420,434,445,456,463,471,476,475,476,469,460,445,432,416,399,388,370,356,343,326,307,296,272,257,248,227,217,210,192,181,173,160,155,147,136,122,111,97,86,75,61,50,34,26",93,308.85581400295
,5415635,,94,333.13,309.11,28.54,226.743,151.1,1108.01,1055.77,99.55,701.95,73192.17,0,0,476.27,73.3,0.49,0.705,1.397,0,"75,53,81,109,143,173,197,206,210,213,213,218,228,234,251,264,278,304,317,339,358,368,384,399,406,424,435,445,459,466,474,475,476,468,461,445,432,414,397,380,359,342,325,307,292,276,259,248,233,223,214,201,194,181,171,160,150,139,129,121,107,94,83,72,61,53,40,27",94,309.11410225515
,5415635,,95,322,309.25,28.75,228.819,146.6,1118.41,1040.87,100.25,673.79,73865.96,0,0,457,66.6,0.45,0.69,1.397,0,"73,70,98,131,158,182,192,195,197,197,205,212,224,239,252,269,291,308,325,339,353,366,379,395,408,420,433,443,448,456,456,453,451,440,433,423,408,392,373,355,337,320,306,288,273,259,248,234,225,210,203,191,179,171,156,146,138,128,112,104,89,76,65,49,39,26",95,309.24971825614
,5415635,,96,319.31,309.35,27.31,231.003,153.3,1129.24,1082.45,101.48,722.66,74588.62,0,0,485.08,71.1,0.46,0.727,1.47,0,"71,58,80,108,139,169,187,198,199,199,203,208,219,230,242,259,277,298,317,337,353,370,388,404,420,434,447,458,468,476,482,485,485,482,475,465,452,433,414,398,376,359,345,324,312,294,277,263,247,235,221,212,199,187,182,172,168,158,147,134,124,114,98,90,71,61,48,35,24",96,309.35455336279
,5415635,,97,288.79,309.14,24.59,233.433,148.9,1141.05,1180.95,103.31,639.59,75228.22,0,0,425.71,62.2,0.42,0.731,1.709,0,"68,48,71,99,129,156,178,187,191,193,196,203,213,228,244,264,285,303,321,336,351,364,375,390,402,412,420,425,423,425,422,412,406,396,382,373,359,347,336,322,308,292,279,266,254,245,233,225,213,204,198,188,179,170,159,150,139,125,114,100,89,77,65,54,40,31,19",97,309.14249860382
,5415635,,98,279.93,308.84,26.21,235.718,146.6,1151.88,1083.04,105.68,645.53,75873.74,0,0,463.87,66.6,0.45,0.73,1.559,0,"66,58,83,109,137,155,169,174,175,182,185,194,206,217,234,252,268,285,303,322,338,358,374,393,414,426,440,452,455,463,463,459,452,437,423,406,388,371,353,334,319,303,285,274,254,241,229,213,203,190,182,174,165,159,150,139,128,117,106,95,86,75,63,54,41,32",98,308.84442214762
,5415635,,99,282.87,308.58,25.7,238.039,151.1,1162.9,1101.71,105.97,701.64,76575.39,0,0,484.09,73.3,0.49,0.751,1.584,0,"65,49,75,102,136,168,185,195,198,197,199,205,213,223,237,250,268,285,300,316,329,344,361,378,396,416,431,453,463,475,483,482,484,480,471,462,447,430,414,397,381,364,349,333,315,300,282,264,255,233,223,210,190,182,168,157,150,139,130,118,104,95,79,72,60,46,39,23",99,308.5820170289
,5415635,,100,274.36,308.24,25.13,240.407,146.6,1174.18,1128.46,105.81,640.94,77216.32,0,0,464.69,64.4,0.44,0.735,1.653,0,"65,49,70,97,125,148,165,171,172,174,178,184,197,212,230,251,274,293,313,331,343,361,377,396,413,430,447,455,464,464,461,455,443,428,414,397,381,371,353,337,324,309,293,278,261,246,233,219,207,192,178,167,157,148,140,133,125,116,107,94,83,69,58,45,32,23",100,308.23975695581
,5415635,,101,285.1,308.01,26.33,242.681,151.1,1184.93,1074.66,106.03,707.48,77923.8,0,0,489.97,71.1,0.47,0.749,1.53,0,"65,56,82,109,140,163,179,188,191,193,197,203,212,225,238,256,276,293,312,327,343,360,376,395,416,434,452,469,477,486,487,489,486,480,475,464,452,439,421,402,382,358,338,317,298,285,271,255,243,228,215,207,194,185,174,165,156,140,131,119,102,95,81,72,62,46,32,18",101,308.01069365907
,5415635,,102,291.69,307.85,27.22,244.874,148.9,1195.51,1058.26,104.13,666.7,78590.5,0,0,470.56,68.8,0.46,0.73,1.474,0,"68,48,74,100,131,155,175,183,187,189,192,202,210,220,235,247,266,287,303,322,341,353,370,388,406,425,442,452,462,469,470,467,464,456,446,432,416,397,379,357,335,317,300,289,277,266,251,239,222,209,198,185,176,167,158,146,137,123,114,104,90,81,69,57,45,36,22",102,307.85067512
,5415635,,103,285.66,307.64,25.61,247.198,151.1,1206.67,1115.64,105.01,675.81,79266.31,0,0,467.76,68.8,0.46,0.747,1.596,0,"66,56,80,105,129,152,166,173,175,179,184,193,206,221,236,257,277,295,312,328,343,356,373,389,408,425,439,451,459,462,467,467,462,455,441,427,415,397,381,365,346,331,312,293,278,260,249,232,218,212,201,195,189,180,174,168,156,145,134,120,106,90,76,59,48,36,25,18",103,307.63520561805
,5415635,,104,277.66,307.35,25.77,249.511,148.9,1217.69,1102.13,105.61,641.43,79907.74,0,0,439.99,68.8,0.46,0.745,1.583,0,"66,42,69,98,128,155,175,187,189,186,188,188,197,208,220,238,255,274,289,305,319,334,349,362,378,394,407,420,428,435,439,438,439,429,425,411,398,388,365,349,331,312,296,282,265,250,234,225,211,199,191,178,170,164,158,152,143,134,123,110,97,83,70,61,50,37,28",104,307.34702971189
,5415635,,105,293.94,307.22,25.74,251.828,155.5,1228.72,1103.14,105.65,771.18,80678.92,0,0,496.84,73.3,0.47,0.764,1.567,0,"65,63,92,122,155,178,193,199,201,205,212,221,233,246,261,277,293,309,325,340,355,373,391,409,427,444,460,474,483,489,494,494,496,494,494,487,480,474,458,444,431,411,394,381,356,341,325,307,293,276,261,243,232,214,200,184,169,157,145,138,126,116,106,96,86,71,61,49,39,29",105,307.21930927385
,5415635,,106,293.05,307.09,24.16,254.307,153.3,1240.64,1191.67,104.18,728.33,81407.25,0,0,481.99,68.8,0.45,0.751,1.732,0,"66,64,92,121,149,170,183,190,194,196,202,210,224,240,259,281,302,324,342,358,372,384,402,415,431,444,455,465,474,478,481,477,476,473,466,459,446,436,424,406,389,372,351,332,317,294,278,261,239,224,208,195,184,172,170,163,159,152,140,133,116,104,94,79,72,62,53,43,29",106,307.08560816452
,5415635,,107,286.22,306.89,23.16,256.885,153.3,1252.91,1227.52,105.54,739.9,82147.15,0,0,496.33,71.1,0.46,0.76,1.831,0,"64,50,78,106,137,167,184,194,198,198,205,211,225,241,261,280,301,319,335,350,365,381,400,418,438,453,463,476,484,490,495,496,495,493,489,480,468,452,430,413,389,368,355,334,317,302,286,270,261,244,233,223,207,199,185,174,165,153,142,130,116,101,89,80,68,58,46,32,23",107,306.8906425238
,5415635,,108,280.99,306.65,22.79,259.507,155.5,1265.33,1241.68,106.03,740.28,82887.43,0,0,492.3,73.3,0.47,0.777,1.856,0,"63,47,72,98,128,153,173,187,190,193,197,205,215,231,246,263,283,299,318,335,350,372,389,410,435,446,460,468,472,482,486,491,492,489,485,477,464,453,436,418,399,377,361,343,327,315,298,285,269,253,238,224,211,202,192,183,172,163,152,140,131,115,105,94,79,70,56,42,33,21",108,306.65084231776
,5415635,,109,282.79,306.43,23.26,262.065,155.5,1277.49,1216.17,106.03,751.43,83638.87,0,0,484.85,75.5,0.49,0.775,1.804,0,"63,47,77,107,138,165,184,195,196,202,203,212,226,238,257,272,290,306,320,337,352,367,385,399,416,431,444,454,463,469,476,480,482,484,482,480,471,462,449,432,417,398,380,360,342,326,309,296,278,261,242,232,217,209,202,191,183,169,158,144,132,120,106,94,87,73,63,51,37,30",109,306.4319243405
,5415635,,110,278.12,306.17,22.84,264.686,153.3,1289.86,1237.18,106.17,733.24,84372.11,0,0,489.88,73.3,0.48,0.769,1.858,0,"63,45,71,99,129,155,173,181,187,191,194,201,211,224,240,258,278,293,312,328,343,363,382,401,421,438,453,463,473,481,485,488,489,486,481,471,462,449,436,421,404,389,371,354,336,318,305,283,268,256,237,232,219,204,200,187,176,165,149,135,119,107,96,84,74,58,49,35,23",110,306.17454533841
,5415635,,111,274.1,305.89,23.17,267.252,153.3,1302.02,1216.19,106.44,708.48,85080.59,0,0,454.94,71.1,0.46,0.771,1.818,0,"63,42,70,97,126,153,170,181,186,188,195,204,215,231,249,267,286,302,318,335,352,372,390,407,423,434,442,446,448,451,451,454,452,450,443,430,421,411,401,391,376,358,345,330,317,303,286,275,260,248,234,222,208,197,187,178,168,154,143,128,116,105,91,82,69,55,46,32,23",111,305.88554622815
,5415635,,112,279.36,305.65,23.52,269.798,151.1,1313.96,1193.45,106.88,746.33,85826.92,0,0,507.76,68.8,0.46,0.755,1.796,0,"62,61,85,118,146,168,180,186,187,192,202,215,231,248,266,285,306,325,342,361,380,401,422,439,454,468,478,489,498,502,507,507,503,498,491,481,470,456,441,425,405,392,373,353,335,313,296,280,261,245,227,215,201,191,177,166,154,138,129,115,103,93,82,67,55,39,27,20",112,305.64873867761
,5415635,,113,294.89,305.55,24.67,272.209,155.5,1325.56,1159.82,104.84,755.74,86582.66,0,0,495,73.3,0.47,0.761,1.671,0,"65,52,86,116,151,182,198,209,212,212,218,225,235,252,268,287,309,326,344,360,374,388,406,419,432,446,458,472,481,487,493,493,495,492,483,476,461,445,433,415,399,382,366,345,330,312,291,279,262,245,234,221,210,201,192,182,173,164,152,139,130,115,103,88,75,63,48,41,24,16",113,305.55350887234
,5415635,,114,299.52,305.5,24.57,274.638,153.3,1337.29,1173.12,104.08,764.1,87346.76,0,0,504.69,68.8,0.45,0.745,1.697,0,"66,54,85,115,149,177,192,200,203,205,213,219,232,249,263,284,302,319,335,352,370,388,411,429,447,464,476,488,497,500,504,503,497,494,489,481,472,463,448,437,418,401,385,364,349,329,307,295,275,258,244,228,214,202,186,176,164,154,147,134,124,109,99,86,73,63,53,41,36",114,305.50060348554
,5415635,,115,290.94,305.37,22.72,277.275,157.7,1349.91,1262.54,104.59,749.39,88096.14,0,0,458.9,75.5,0.48,0.775,1.866,0,"65,63,92,126,157,181,197,201,206,211,217,227,238,250,265,282,298,314,329,344,362,373,386,394,399,409,418,427,437,443,449,456,456,458,455,451,446,439,431,421,409,395,383,367,351,332,315,297,278,264,249,236,223,214,201,192,180,166,157,143,135,123,111,102,85,75,65,48,38,24,12",115,305.37399918172
,5415635,,116,290.75,305.25,23.32,279.825,155.5,1362.13,1222,105.28,766.58,88862.73,0,0,478.36,75.5,0.49,0.767,1.806,0,"64,44,74,102,134,166,188,204,210,212,218,226,236,253,268,284,304,320,338,351,365,380,394,408,425,436,447,458,463,466,474,475,473,478,473,470,464,457,446,434,421,405,391,378,364,345,330,313,294,280,263,250,237,221,210,196,182,171,156,144,132,118,108,96,88,76,64,49,37,27",116,305.24789214336
,5415635,,117,290.7,305.12,23.79,282.335,155.5,1374.2,1206.7,104.5,742.13,89604.85,0,0,488.31,73.3,0.47,0.762,1.76,0,"65,60,86,111,141,168,184,196,204,206,214,222,235,250,265,282,299,316,332,349,360,372,382,391,403,418,433,446,458,468,477,481,488,487,485,481,467,452,434,417,401,384,366,348,331,311,293,276,259,244,231,218,207,193,184,175,166,157,147,138,128,121,106,99,84,69,60,40,30,18",117,305.12353281691
,5415635,,118,289.42,304.99,23.91,284.833,151.1,1386.13,1192.96,105.16,731.26,90336.12,0,0,481.91,73.3,0.49,0.744,1.765,0,"65,55,82,110,141,169,190,201,208,212,216,226,238,252,273,290,313,333,350,367,379,391,404,416,430,441,452,463,466,473,479,480,481,481,473,464,455,443,427,412,391,365,351,328,311,295,274,260,245,232,219,206,195,181,174,165,154,147,135,123,116,101,89,82,65,53,41,24",118,304.99041329798
,5415635,,119,287.17,304.84,23.09,287.425,155.5,1398.45,1232.02,105.48,756.92,91093.03,0,0,499.59,71.1,0.46,0.767,1.832,0,"63,54,83,113,149,174,194,201,205,207,210,218,231,247,265,287,305,323,339,355,370,385,403,416,435,449,461,474,480,490,496,499,499,497,491,483,469,456,441,424,408,388,370,352,336,318,300,286,267,255,240,227,214,203,191,180,168,157,145,133,123,109,104,89,77,65,45,36,26,16",119,304.84064100067
,5415635,,120,285.31,304.68,23.62,289.952,153.3,1410.5,1204.69,105.42,735.32,91828.36,0,0,482.55,73.3,0.48,0.758,1.782,0,"64,57,81,110,142,165,183,188,188,188,190,197,206,219,236,258,280,303,322,337,355,371,386,403,418,431,442,450,459,469,476,480,482,480,479,474,465,456,445,429,416,396,379,362,343,324,304,289,275,255,243,225,210,201,185,176,162,151,141,132,120,108,96,84,77,62,53,43,29",120,304.67786709321
,5415635,,121,295.53,304.6,25.04,292.326,153.3,1421.97,1146.97,104.45,740.87,92569.22,0,0,475.67,73.3,0.48,0.749,1.647,0,"66,45,80,111,146,178,197,210,211,214,218,224,236,248,263,277,295,311,327,342,354,370,385,399,413,426,434,447,453,459,468,471,475,474,470,466,458,446,436,423,409,394,379,358,341,321,301,291,272,259,249,231,222,206,192,180,166,159,144,135,120,108,93,80,68,56,43,33,21",121,304.6022354429
,5415635,,122,297.15,304.54,24.33,294.78,153.3,1433.8,1183.62,104.17,755.3,93324.52,0,0,502.57,73.3,0.48,0.747,1.719,0,"66,58,90,118,150,176,189,196,198,201,207,218,230,246,263,279,295,310,326,341,357,376,393,412,431,449,464,477,484,492,498,500,502,500,495,488,480,464,450,431,410,393,372,358,341,323,304,290,275,260,249,231,220,203,189,185,168,158,146,131,121,108,91,81,68,58,51,38,28",122,304.54116467316
,5415635,,123,298.18,304.49,24.18,297.25,155.5,1445.74,1194.07,103.89,751.12,94075.64,0,0,491.38,73.3,0.47,0.758,1.723,0,"66,40,69,100,130,161,183,196,202,206,211,219,230,242,257,271,290,309,327,343,360,375,392,407,422,436,448,461,470,475,486,487,491,490,485,477,465,456,437,426,405,388,375,358,343,328,312,296,283,266,248,235,221,207,201,187,172,163,148,136,128,113,103,91,81,66,56,43,33,26",123,304.48948640993
,5415635,,124,304.46,304.49,24.46,299.688,155.5,1457.58,1183.36,103.65,785.61,94861.25,0,0,501.62,75.5,0.49,0.752,1.701,0,"66,44,75,105,137,168,190,199,207,210,214,227,237,252,269,285,305,322,341,357,375,392,408,425,439,450,462,471,478,483,493,496,500,501,496,493,484,477,463,450,437,417,399,381,366,346,332,315,300,285,267,256,235,226,214,197,189,172,162,149,139,129,113,103,93,77,67,56,41,33",124,304.48925678943
,5415635,,125,310.58,304.54,23.91,302.194,157.7,1469.77,1219.58,102.86,799.63,95660.87,0,0,515.67,73.3,0.46,0.757,1.752,0,"67,48,81,116,149,180,204,214,219,219,224,234,245,263,277,294,314,328,348,361,376,391,403,420,432,446,463,476,487,496,505,509,515,509,508,502,491,482,461,447,431,415,404,387,370,354,328,308,293,269,258,242,227,221,208,204,194,182,174,159,148,138,125,112,99,83,72,62,54,43,30",125,304.53794514393
,5415635,,126,321.62,304.67,23.77,304.706,160,1482.12,1234.5,102.23,853.86,96514.74,0,0,506.87,80,0.5,0.759,1.765,0,"67,46,81,117,153,189,217,236,243,250,255,266,278,290,302,316,330,345,358,371,385,396,407,421,433,446,461,470,480,489,492,497,500,503,504,506,502,499,494,484,475,460,447,431,417,404,383,369,354,333,320,301,279,264,247,229,216,197,187,173,157,146,130,121,113,105,96,85,77,60,46,35",126,304.67351122386
,5415635,,127,317.62,304.78,23.22,307.269,157.7,1494.84,1272.17,101.56,798.96,97313.7,0,0,505.96,77.7,0.49,0.752,1.832,0,"68,56,89,117,153,188,210,225,230,232,238,246,256,272,284,298,312,325,336,350,365,377,392,409,421,438,455,465,479,488,493,502,501,504,505,503,505,492,479,464,442,429,406,384,366,342,330,308,292,276,254,245,231,219,209,199,186,181,169,156,145,132,116,110,97,81,76,60,49,41,25",127,304.77545513864
,5415635,,128,306.21,304.79,22.55,309.916,155.5,1507.74,1290.04,103.14,804.84,98118.54,0,0,511.89,73.3,0.47,0.753,1.908,0,"66,57,85,117,152,183,203,213,218,220,227,240,252,268,285,299,315,331,347,361,380,397,414,431,444,459,471,482,491,497,505,507,511,509,509,506,494,485,471,454,438,421,403,387,370,352,333,317,299,287,271,255,246,227,215,203,188,178,163,156,143,128,122,104,94,86,73,60,50,39",128,304.78664681728
,5415635,,129,302.51,304.77,22.94,312.529,155.5,1520.4,1266.05,103.31,785.25,98903.79,0,0,505.02,71.1,0.46,0.755,1.861,0,"66,49,77,109,146,181,205,219,221,223,228,235,247,262,275,292,314,329,348,364,376,393,407,422,437,451,463,476,487,498,500,505,503,500,499,492,486,473,459,443,425,408,390,371,357,336,320,303,279,266,245,237,223,211,202,187,180,168,161,148,138,126,113,100,90,82,69,62,44,31",129,304.7689935198
,5415635,,130,296.26,304.7,22.55,315.169,157.7,1533.16,1276.35,104.24,786.33,99690.12,0,0,494.82,80,0.51,0.773,1.888,0,"65,54,77,105,139,166,188,201,206,211,214,221,229,242,257,273,293,311,329,344,357,373,387,402,416,428,441,454,462,475,480,486,490,493,493,494,493,486,484,471,457,444,423,411,398,379,365,347,322,303,283,263,245,226,207,186,174,154,139,132,119,114,107,104,97,87,77,62,52,39,32",130,304.7035308271
,5415635,,131,284.19,304.55,22.59,317.821,153.3,1545.82,1266.13,104.89,731.72,100421.83,0,0,488.1,71.1,0.46,0.759,1.897,0,"64,64,91,126,160,185,199,202,201,201,207,214,223,236,249,266,286,299,319,332,347,365,380,401,419,434,454,464,478,485,484,488,484,480,473,462,452,437,423,406,389,372,355,336,318,300,282,268,254,240,229,219,208,199,186,175,163,152,140,126,114,103,95,83,74,64,52,43,29",131,304.54694937146
,5415635,,132,300.28,304.51,24.7,320.229,153.3,1557.42,1159.36,104.76,785.98,101207.81,0,0,524.4,75.5,0.49,0.749,1.68,0,"66,40,68,100,133,170,198,215,222,225,230,237,247,259,269,283,296,310,327,342,356,374,389,407,425,441,458,473,488,499,511,518,521,524,520,518,510,498,485,467,448,427,408,390,376,356,341,322,300,281,263,247,236,222,210,196,181,169,154,141,129,116,98,88,76,63,50,40,27",132,304.51463279037
,5415635,,133,299.07,304.47,23.89,322.736,153.3,1569.57,1214.75,103.35,749.75,101957.56,0,0,496.92,75.5,0.49,0.746,1.765,0,"66,64,96,123,156,179,198,206,213,219,222,231,240,249,262,278,291,309,325,340,357,374,392,407,427,441,455,467,477,483,490,492,491,496,489,488,478,460,448,428,409,394,371,355,335,310,293,274,259,243,232,219,207,196,186,175,163,150,136,126,113,103,93,86,73,63,53,41,31",133,304.47367033179
,5415635,,134,295.96,304.41,23.41,325.286,157.7,1581.85,1228.12,104.35,768.65,102726.21,0,0,492.18,80,0.51,0.774,1.789,0,"66,39,68,97,127,160,183,194,199,201,204,213,223,236,250,265,282,298,316,331,346,362,375,393,410,425,442,452,462,471,475,480,486,487,491,492,489,481,470,457,440,425,406,384,366,345,322,304,285,264,253,238,227,218,204,198,186,177,167,158,148,136,126,111,102,89,77,67,57,47,35",134,304.41014526976
,5415635,,135,294.29,304.34,22.92,327.891,157.7,1594.37,1252.31,104.53,768.9,103495.11,0,0,506.33,73.3,0.46,0.775,1.843,0,"65,63,90,119,146,168,181,190,193,198,207,218,232,248,263,278,299,316,335,353,368,386,404,418,437,449,462,475,483,494,502,505,506,504,498,490,476,462,446,429,414,395,378,360,341,326,310,294,275,258,243,227,216,203,191,182,171,164,154,145,135,123,113,103,93,84,69,57,42,27,18",135,304.33519397651
,5415635,,136,282.63,304.18,22.52,330.543,157.7,1607.01,1263.61,105.41,740.14,104235.25,0,0,483.21,71.1,0.45,0.786,1.878,0,"64,45,72,96,127,150,167,180,184,188,195,200,211,225,238,252,271,286,305,324,340,358,377,392,413,429,444,457,466,477,482,483,482,476,470,466,456,448,436,420,404,384,370,353,335,318,299,286,273,259,247,232,220,211,203,192,186,172,161,152,140,124,115,105,94,84,68,54,42,32,26",136,304.17557017506
,5415635,,137,276.32,303.97,22.35,333.206,160,1619.6,1259.81,106.52,730.9,104966.15,0,0,480.43,73.3,0.46,0.805,1.879,0,"63,49,79,107,137,164,179,187,190,189,193,199,211,222,236,252,267,283,298,312,330,344,364,380,397,414,430,444,456,468,475,477,480,472,464,455,440,430,420,410,394,379,362,343,328,310,293,281,266,252,243,226,216,206,194,185,177,162,155,146,133,131,117,110,101,85,74,60,49,38,24,13",137,303.97227140462
,5415635,,138,271.57,303.74,23.17,335.789,151.1,1631.68,1207.77,107.18,714.52,105680.67,0,0,479.51,71.1,0.47,0.764,1.825,0,"62,59,86,112,142,164,178,185,188,192,201,210,223,238,252,270,285,298,314,326,340,359,375,395,416,431,447,456,466,473,475,479,478,477,471,465,453,437,423,404,387,368,352,335,315,301,284,267,253,242,228,220,206,191,180,167,156,145,132,119,105,94,80,69,62,46,35,24",138,303.7374531474
,5415635,,139,302.18,303.73,28.83,337.847,151.1,1641.7,1002.13,103.83,724.3,106404.97,0,0,488.73,71.1,0.47,0.733,1.348,0,"68,47,78,107,134,165,185,196,201,204,208,215,227,239,251,266,280,296,313,328,343,358,374,392,408,423,437,452,466,476,485,488,485,484,474,466,454,438,424,408,393,378,359,344,324,308,294,274,266,249,235,222,210,201,189,178,163,151,133,126,114,101,96,84,71,58,41,26",139,303.72621543515
,5415635,,140,305.07,303.74,26.3,340.117,151.1,1652.8,1109.71,102.77,730.43,107135.4,0,0,503.46,75.5,0.5,0.73,1.551,0,"69,44,74,102,132,162,181,191,195,194,197,202,209,223,236,247,263,278,292,308,322,338,355,374,396,413,434,452,467,483,493,498,502,503,500,497,484,470,449,431,415,395,379,362,347,328,317,300,280,264,246,232,218,204,192,180,168,153,138,122,110,102,92,79,71,59,51,36",140,303.73583435758
,5415635,,141,292.37,303.66,24.24,342.579,153.3,1664.74,1194.15,103.63,693.24,107828.64,0,0,472.64,66.6,0.43,0.751,1.724,0,"67,56,77,106,134,156,171,178,181,188,193,203,214,226,242,260,277,301,318,334,353,364,383,398,415,434,445,459,467,472,470,469,462,452,448,431,419,402,384,371,352,336,319,299,284,270,256,246,231,221,208,197,190,182,175,166,154,143,133,122,112,100,91,81,69,59,45,31,21",141,303.65525640555
,5415635,,142,281.65,303.5,24,345.067,153.3,1676.58,1183.53,105.62,714.42,108543.06,0,0,474.02,71.1,0.46,0.761,1.739,0,"64,41,68,97,127,158,179,190,194,196,198,203,213,221,237,254,270,290,308,325,341,359,375,391,408,422,436,449,458,463,470,474,471,469,460,449,437,424,410,395,377,365,347,332,317,300,287,274,260,248,236,228,215,207,196,182,171,158,146,137,125,111,99,85,71,62,50,38,29",142,303.50025492298
,5415635,,143,284.03,303.36,24.18,347.534,153.3,1688.31,1173.59,105.7,725.76,109268.81,0,0,495.26,66.6,0.43,0.76,1.721,0,"64,45,70,97,126,151,169,179,185,188,194,202,213,229,246,262,281,303,319,340,356,372,391,411,430,449,466,477,487,495,492,491,488,477,472,463,446,435,421,404,391,372,352,336,313,296,280,262,247,235,222,216,210,199,191,182,170,157,147,133,122,112,98,86,72,60,45,34,22",143,303.36410977649
,5415635,,144,288.22,303.26,25.16,349.917,148.9,1699.67,1136.21,104.95,709.8,109978.61,0,0,497.99,66.6,0.45,0.732,1.653,0,"65,60,84,110,137,157,168,179,180,185,196,203,218,232,249,269,291,314,337,361,383,402,422,437,454,468,477,488,493,497,496,493,487,476,465,450,436,420,404,388,369,353,337,318,304,286,272,253,238,227,214,206,192,176,165,150,139,127,115,103,91,81,69,57,40,31,19",144,303.25895446916
,5415635,,145,293.6,303.19,25,352.297,153.3,1711.14,1146.23,104.69,732.05,110710.67,0,0,483.31,68.8,0.45,0.752,1.648,0,"66,42,69,93,125,154,174,189,193,199,205,212,222,235,250,266,288,306,324,340,357,372,389,407,422,441,456,470,479,481,483,479,474,473,464,458,445,435,425,409,399,376,360,348,329,316,300,284,267,252,237,224,211,199,190,179,172,160,153,139,127,115,95,88,68,56,46,31,27",145,303.19234992226
,5415635,,146,294.09,303.13,24.97,354.685,148.9,1722.67,1152.9,104.22,720.82,111431.48,0,0,485.93,68.8,0.46,0.727,1.676,0,"66,61,90,120,154,177,191,202,204,206,216,223,236,254,268,290,309,328,346,363,381,400,417,431,447,459,467,478,482,484,485,483,478,473,462,449,437,420,407,390,370,359,342,325,309,293,274,257,244,226,215,201,188,176,164,155,143,133,121,109,97,84,72,62,48,35,21",146,303.13000930563
,5415635,,147,307.39,303.16,27.96,356.819,146.6,1733.1,1043.9,102.79,684.65,112116.14,0,0,466.11,64.4,0.44,0.704,1.442,0,"69,64,99,133,168,195,212,219,222,227,233,246,257,272,292,309,332,351,366,380,391,405,417,429,442,448,459,463,466,466,459,452,441,430,410,396,381,363,348,331,316,300,288,273,258,245,232,219,207,196,187,177,168,156,146,139,127,117,104,92,80,70,57,45,37,25",147,303.15901828587
,5415635,,148,326.33,303.32,30.8,358.765,144.4,1742.74,963.27,101.11,697.12,112813.25,0,0,467.8,64.4,0.45,0.68,1.268,0,"73,46,79,117,150,186,211,224,233,235,240,252,265,282,300,324,343,365,382,393,406,412,423,431,440,449,456,464,467,467,465,460,447,440,423,408,396,377,364,351,332,320,303,285,272,253,242,227,215,206,196,189,176,166,156,140,130,117,101,93,83,72,64,48,35",148,303.31558770061
,5415635,,149,321.19,303.44,28.85,360.835,142.2,1753.07,1033.4,100.64,665.39,113478.65,0,0,453.29,64.4,0.45,0.674,1.406,0,"73,43,75,105,138,174,196,212,217,222,231,243,259,276,292,312,332,350,369,386,399,414,428,435,442,445,447,452,453,450,446,437,426,414,400,386,370,355,342,324,312,300,285,273,259,246,232,221,204,192,182,168,158,148,135,128,117,102,94,82,69,66,48,43",149,303.43551775101
,5415635,,150,311.68,303.49,27.5,362.994,144.4,1763.78,1071.15,101.85,681.3,114159.95,0,0,461.36,62.2,0.43,0.691,1.491,0,"71,62,93,121,150,172,188,199,205,217,226,238,254,273,290,311,333,348,366,384,400,413,430,441,449,457,457,461,461,460,456,451,443,432,423,407,392,374,357,342,322,310,294,282,269,254,240,224,213,199,187,175,165,156,143,133,121,111,98,88,76,63,50,38,25",150,303.49051038617
,5415635,,151,304.44,303.5,26.87,365.215,144.4,1774.65,1086.34,102.78,681.37,114841.32,0,0,481.9,64.4,0.45,0.696,1.537,0,"69,63,94,122,149,173,187,196,205,209,221,235,250,270,293,315,339,360,375,391,403,415,431,447,455,469,474,477,481,478,472,464,451,437,424,408,391,375,355,338,320,302,288,271,256,243,227,216,202,191,182,170,160,151,141,126,117,107,94,84,72,57,45,37,23",151,303.49679717791
,5415635,,152,307.84,303.53,27.08,367.419,146.6,1785.4,1075.42,103.03,695.27,115536.59,0,0,477.66,60,0.41,0.705,1.511,0,"69,68,95,127,160,184,202,209,217,223,235,251,265,287,306,327,350,364,386,400,417,434,444,459,466,472,477,476,477,474,467,461,447,433,417,401,386,373,359,342,326,310,292,272,260,242,229,215,201,190,180,173,161,157,147,137,125,115,103,88,78,60,50,35,26,16",152,303.52534043422
,5415635,,153,315.03,303.6,27.62,369.587,148.9,1796.01,1060.78,102.38,716.98,116253.57,0,0,470.7,64.4,0.43,0.711,1.461,0,"70,60,99,139,176,208,224,229,231,231,236,246,257,274,294,314,336,352,368,380,394,407,421,433,443,454,462,464,470,470,466,463,456,446,435,424,407,394,378,364,351,333,321,307,293,275,259,243,227,213,199,187,177,167,158,150,138,128,117,105,97,84,74,61,46,41,31",153,303.60053985307
,5415635,,154,308.53,303.63,26.57,371.825,148.9,1807.05,1103.89,102.28,703.91,116957.48,0,0,478.48,68.8,0.46,0.716,1.542,0,"70,53,81,107,137,166,182,195,200,204,212,219,231,244,263,282,302,323,338,354,371,388,404,421,436,448,458,468,471,475,478,472,468,461,447,437,421,405,390,372,357,338,322,306,292,277,262,249,233,224,213,204,192,180,171,158,154,139,129,116,99,89,74,61,48,36,26",154,303.63252413455
,5415635,,155,294.89,303.58,24.9,374.222,151.1,1818.67,1162.45,103.66,703.81,117661.29,0,0,463.9,66.6,0.44,0.738,1.672,0,"67,61,87,113,144,165,179,187,187,189,195,204,219,233,251,271,290,310,326,341,360,376,393,410,423,434,445,453,460,463,463,462,456,450,440,428,418,405,393,378,363,347,335,320,305,294,277,263,250,238,222,211,200,191,180,171,156,142,135,118,111,96,82,74,57,48,38,24",155,303.57613851229
,5415635,,156,278.24,303.41,24.02,376.707,148.9,1830.51,1184.28,105.46,667.54,118328.83,0,0,449,66.6,0.45,0.743,1.755,0,"65,50,78,111,141,171,189,197,200,201,203,208,217,227,238,253,271,285,301,317,334,351,368,390,402,421,431,438,446,448,446,445,440,432,430,417,410,398,381,370,349,332,317,298,282,266,249,237,223,206,196,183,166,162,151,140,135,124,118,109,97,88,75,63,56,45,36",156,303.41371337561
,5415635,,157,273.9,303.23,24.44,379.157,151.1,1842.01,1149.78,106.76,676.13,119004.96,0,0,455.72,66.6,0.44,0.76,1.695,0,"64,54,78,104,130,155,170,177,183,186,191,200,210,224,241,258,278,298,313,331,344,360,376,391,410,425,440,450,452,455,455,451,447,440,433,425,418,405,390,375,353,333,315,298,281,268,253,240,224,212,202,192,184,173,163,152,143,135,124,113,101,88,79,68,57,43,30,21",157,303.22569745291
,5415635,,158,261.77,302.96,24.1,381.636,148.9,1853.58,1156.97,107.61,632.44,119637.4,0,0,442.78,64.4,0.43,0.759,1.731,0,"62,60,89,114,139,158,166,174,175,178,184,190,204,218,237,257,276,293,308,322,340,354,373,390,402,421,429,434,442,439,441,435,425,418,407,392,379,359,341,328,306,287,276,256,242,229,214,205,194,182,174,167,159,153,143,133,124,116,106,95,85,68,61,51,40,34,22",158,302.96334069802
,5415635,,159,267.08,302.74,24.95,384.016,151.1,1864.67,1109.17,108.41,689.63,120327.03,0,0,468.49,71.1,0.47,0.769,1.636,0,"62,38,64,89,117,145,167,179,186,189,190,197,210,222,236,250,267,283,302,321,335,355,372,388,408,422,438,448,455,463,467,468,467,462,454,444,435,422,407,394,378,361,341,326,305,287,274,257,246,233,219,207,197,187,175,164,151,136,128,114,101,93,79,66,57,42,31,22",159,302.73767927503
,5415635,,160,272.11,302.55,25.4,386.365,148.9,1875.73,1106.03,106.78,656.01,120983.04,0,0,473.22,64.4,0.43,0.751,1.611,0,"64,41,65,90,115,140,159,169,176,180,186,195,209,224,243,265,285,307,327,344,361,380,395,414,432,447,461,468,473,472,462,453,442,429,419,405,390,374,355,339,321,306,292,274,261,246,233,223,209,202,192,179,171,161,150,144,131,120,112,96,83,72,57,48,33,24,17",160,302.5462337614
,5415635,,161,274.37,302.37,25.85,388.685,151.1,1886.61,1087.86,106.68,668.21,121651.25,0,0,460.65,66.6,0.44,0.758,1.563,0,"64,56,79,104,131,151,166,174,180,183,189,199,209,225,241,256,279,297,315,335,345,361,377,394,413,428,441,451,457,460,457,451,441,428,415,402,387,372,361,342,329,314,296,287,268,255,244,232,225,217,212,204,198,186,175,165,152,141,128,114,99,88,74,61,52,39,27,21",161,302.3712291645
,5415635,,162,271.36,302.18,24.81,391.082,148.9,1897.9,1129.18,107.07,671.78,122323.03,0,0,464.35,66.6,0.45,0.751,1.667,0,"63,54,76,101,126,148,160,170,176,179,187,197,207,222,238,257,279,298,318,337,353,369,385,402,417,434,447,454,461,464,461,457,450,440,432,421,406,397,377,362,344,327,314,298,282,265,252,239,227,218,206,193,185,175,167,158,147,132,119,108,92,83,72,57,46,32,19",162,302.1797972634
,5415635,,163,276.58,302.02,26.34,393.344,146.6,1908.62,1071.79,106.27,650.69,122973.71,0,0,465.23,62.2,0.42,0.735,1.543,0,"65,52,72,98,127,149,164,173,176,183,189,199,213,228,246,266,285,303,322,338,355,372,390,411,431,447,459,465,464,460,457,447,438,430,416,403,388,369,351,329,312,296,277,267,252,241,233,220,212,202,192,186,175,165,156,141,132,119,106,95,77,63,50,39,30,21",163,302.02276067021
,5415635,,164,277.92,301.88,25.12,395.73,151.1,1919.83,1120.26,106.63,695.62,123669.33,0,0,478.32,66.6,0.44,0.758,1.631,0,"64,49,74,98,128,152,168,179,181,183,190,199,209,222,239,256,277,297,314,331,347,366,386,405,423,439,450,462,472,478,477,476,469,461,454,441,429,416,400,383,366,347,332,316,298,283,266,252,243,229,219,211,201,188,179,164,153,142,128,119,99,92,74,65,56,40,33,22",164,301.87576966872
,5415635,,165,278.93,301.74,25.67,398.054,146.6,1930.87,1104.53,105.79,670.14,124339.47,0,0,471.21,66.6,0.45,0.732,1.605,0,"65,44,71,102,132,162,182,191,192,192,195,200,211,226,243,262,283,303,318,338,354,369,389,406,426,444,457,466,470,471,471,463,459,452,440,430,413,392,375,359,343,327,307,290,267,251,239,225,220,207,199,187,171,160,145,138,127,118,107,96,89,77,68,57,46,34",165,301.736721428
,5415635,,166,273.19,301.56,25.13,400.431,151.1,1942.11,1123.69,106.26,646.94,124986.41,0,0,451.94,64.4,0.43,0.759,1.629,0,"65,52,78,104,128,153,165,172,177,178,184,191,201,214,230,250,271,289,309,323,337,350,365,383,401,421,435,443,451,450,448,442,429,418,404,391,376,361,348,334,315,302,284,268,255,240,229,218,210,203,195,187,179,173,162,154,143,133,122,109,96,82,71,60,49,36,25,21",166,301.56477386751
,5415635,,167,277.18,301.42,26.46,402.676,148.9,1952.75,1064.47,106.53,671.33,125657.73,0,0,486.2,68.8,0.46,0.745,1.523,0,"65,46,72,93,118,137,150,160,164,171,178,188,199,213,230,247,266,286,304,324,343,363,382,401,418,439,452,466,477,481,486,483,476,466,456,444,432,413,394,373,350,333,313,299,280,267,251,238,226,213,201,193,180,169,163,147,138,123,111,100,86,77,64,52,45,30,21",167,301.41877928972
,5415635,,168,281.45,301.3,26.3,404.944,148.9,1963.54,1079.27,105.67,669.51,126327.24,0,0,468.4,64.4,0.43,0.738,1.543,0,"65,64,87,116,138,162,173,180,185,188,195,207,219,236,256,273,291,309,324,340,354,372,390,409,431,445,456,464,468,466,464,457,448,437,420,403,384,369,355,338,322,308,292,274,259,245,233,221,211,201,193,189,180,172,163,150,141,132,118,109,95,84,74,63,49,38,24",168,301.29988828713
,5415635,,169,275.31,301.15,24.84,407.355,151.1,1974.9,1135.22,106.37,671.4,126998.64,0,0,457.09,66.6,0.44,0.755,1.66,0,"64,60,83,106,131,150,166,173,177,181,184,193,204,219,234,254,276,294,310,326,339,358,377,394,416,430,443,453,455,457,455,449,444,438,427,418,407,393,381,365,345,332,312,296,281,262,251,237,225,215,205,197,187,178,165,157,146,133,124,110,99,88,76,63,49,40,29,20",169,301.14612665196
,5415635,,170,286.24,301.06,24.82,409.75,155.5,1986.27,1136.87,106.3,741.95,127740.58,0,0,486.17,71.1,0.46,0.771,1.646,0,"64,48,73,98,126,155,175,188,195,197,203,209,219,232,247,269,284,305,323,339,357,375,393,407,427,442,455,466,473,481,485,486,484,478,474,471,457,447,433,417,404,390,373,353,339,320,303,289,271,257,242,227,216,201,190,178,165,155,144,132,125,113,104,92,80,70,61,49,39,25",170,301.0584321148
,5415635,,171,291.02,301,24.76,412.162,151.1,1997.83,1155.92,104.81,727.72,128468.31,0,0,490.88,66.6,0.44,0.744,1.679,0,"66,49,76,102,130,158,179,191,196,197,203,209,222,239,255,277,295,315,335,350,369,385,403,424,441,456,470,479,485,490,490,489,487,480,475,465,453,437,418,401,384,367,349,334,317,302,288,269,255,242,224,214,203,189,180,168,157,145,136,121,112,97,87,75,61,49,37,25",171,300.99974649533
,5415635,,172,297.13,300.98,23.8,414.677,157.7,2009.87,1204.21,104.67,768.84,129237.15,0,0,488.99,75.5,0.48,0.773,1.748,0,"65,49,80,113,147,179,204,218,224,226,230,233,246,259,274,294,309,322,336,347,361,378,395,411,428,440,452,464,469,475,480,484,487,488,486,476,466,453,439,424,407,392,375,356,342,322,304,285,271,259,243,233,219,208,204,193,181,174,157,150,138,123,114,104,91,79,69,54,45,35,25",172,300.97727156987
,5415635,,173,300.22,300.97,24.06,417.158,153.3,2021.85,1198.61,104.04,776.37,130013.52,0,0,525.6,73.3,0.48,0.746,1.748,0,"65,54,85,118,150,180,202,211,218,218,222,232,244,260,278,301,319,341,361,376,393,407,422,436,453,468,483,496,504,513,519,521,525,524,515,515,499,479,463,434,413,391,365,343,323,304,290,277,267,251,238,224,210,198,186,174,164,155,142,132,120,110,97,82,74,61,51,41,29",173,300.97291195641
,5415635,,174,306.9,301.01,23.44,419.695,155.5,2034.19,1233.6,103.76,821.07,130834.59,0,0,514.85,75.5,0.49,0.754,1.806,0,"66,42,71,101,136,172,202,221,226,229,231,239,251,266,284,297,315,333,345,366,380,392,411,423,443,454,468,479,486,496,502,508,512,514,514,510,504,498,489,475,460,442,427,412,398,386,366,352,335,316,303,282,264,247,228,216,201,188,173,160,145,132,121,100,95,79,69,63,48,40",174,301.00699129083
,5415635,,175,299.26,301,23.17,422.281,153.3,2046.75,1256.53,103.02,753.43,131588.01,0,0,511.27,68.8,0.45,0.746,1.843,0,"66,57,82,109,143,172,195,209,210,209,212,220,233,247,262,280,297,313,333,349,365,383,395,413,430,448,469,483,496,504,511,510,508,498,486,474,457,443,421,405,392,374,365,348,332,317,300,283,268,255,242,231,217,206,197,185,173,161,148,136,124,116,101,89,76,58,46,36,23",175,300.99700838632
,5415635,,176,301.68,301,23.3,424.843,155.5,2059.12,1236.23,104.15,805.19,132393.2,0,0,515.58,73.3,0.47,0.754,1.821,0,"65,61,92,124,158,191,212,225,229,229,237,243,255,272,287,304,321,335,347,362,375,392,408,427,444,458,473,486,492,502,506,513,515,511,511,502,494,483,467,450,434,417,401,387,370,355,339,322,303,285,267,251,240,223,208,196,182,174,164,152,142,126,113,103,90,79,66,54,41,30",176,301.00087567046
,5415635,,177,301.45,301,22.9,427.442,153.3,2071.74,1262,103.8,789.58,133182.78,0,0,509.83,71.1,0.46,0.744,1.876,0,"65,59,90,120,154,186,205,218,223,229,238,245,260,273,286,306,323,341,358,373,388,405,422,438,453,467,479,489,496,505,507,509,507,499,496,486,475,466,449,435,421,404,392,371,359,343,322,312,293,275,259,240,229,212,198,188,171,158,151,133,120,115,97,92,82,69,59,46,36",177,301.00343655283
,5415635,,178,303.55,301.02,24.03,429.936,155.5,2083.84,1209.84,103.2,764.35,133947.13,0,0,495.38,73.3,0.47,0.753,1.744,0,"67,45,71,96,127,158,183,203,210,214,220,227,239,254,268,284,300,316,335,351,367,382,398,416,432,448,460,472,479,488,494,493,495,488,484,476,465,451,436,420,405,392,376,369,351,338,322,303,286,268,252,236,222,211,199,187,177,165,155,143,133,117,107,97,84,76,59,51,41,33",178,301.01776344473
,5415635,,179,298.38,301,23.46,432.472,155.5,2096.15,1231.64,103.85,762.36,134709.49,0,0,488.18,71.1,0.46,0.758,1.8,0,"66,56,80,107,141,170,193,207,212,215,220,227,237,248,263,278,296,314,332,348,363,381,396,413,430,439,456,464,475,482,484,488,487,484,477,471,458,447,432,419,402,390,376,358,345,325,312,293,278,266,250,237,224,210,198,189,177,168,156,143,133,121,111,101,94,81,71,61,49,36",179,301.00303408674
,5415635,,180,295.62,300.97,23.63,435,153.3,2108.33,1218.21,104.21,758.43,135467.92,0,0,497.25,73.3,0.48,0.752,1.787,0,"66,43,67,97,125,158,186,200,210,211,215,221,230,242,254,272,287,304,323,338,354,370,386,401,419,432,446,460,470,483,491,496,497,495,488,485,480,469,458,444,424,410,393,373,357,340,324,308,292,275,257,242,228,212,198,187,170,160,148,134,124,114,102,92,82,69,59,47,37",180,300.97313366782
,5415635,,181,286.25,300.89,23.19,437.582,155.5,2120.7,1236.4,104.62,723.53,136191.46,0,0,464.03,68.8,0.44,0.77,1.817,0,"65,41,67,91,117,146,170,188,199,205,211,220,228,244,256,272,290,304,321,335,349,363,378,395,409,426,436,445,452,457,464,463,460,457,448,440,431,418,406,397,385,373,360,344,326,314,296,280,267,252,235,225,210,197,188,172,166,156,145,140,129,119,108,93,84,70,60,48,34,27",181,300.89180765454
,5415635,,182,282.66,300.79,23.66,440.107,148.9,2132.67,1197.5,105.89,723.22,136914.68,0,0,494.91,68.8,0.46,0.74,1.796,0,"64,58,80,108,141,168,189,204,209,217,227,235,249,262,276,293,309,328,346,361,377,391,407,421,438,451,465,477,487,490,494,488,480,476,463,458,443,430,415,398,382,365,347,331,314,297,279,263,246,231,216,201,190,172,163,151,140,128,117,100,91,79,67,62,48,41,32",182,300.79161298606
,5415635,,183,306.07,300.82,27.25,442.286,151.1,2143.3,1063.09,103.57,745.06,137659.74,0,0,488.92,73.3,0.49,0.728,1.474,0,"68,65,94,125,161,193,211,218,222,224,228,238,247,259,275,289,307,323,343,357,375,387,398,413,425,440,453,465,473,480,487,486,488,485,476,472,455,445,429,410,397,378,366,351,335,319,295,280,262,241,229,215,201,192,180,167,155,145,132,117,112,97,81,76,61,51,43,28",183,300.820432468
,5415635,,184,311.39,300.88,25.39,444.637,151.1,2154.81,1150.27,102.72,758.31,138418.05,0,0,496.09,71.1,0.47,0.724,1.639,0,"68,67,102,133,170,202,223,233,235,237,239,247,260,274,291,306,322,339,353,367,380,393,408,426,439,452,464,470,483,488,493,496,494,490,486,477,462,447,428,411,393,378,356,343,326,307,294,274,261,242,230,216,201,192,179,167,157,144,129,124,111,98,95,77,69,59,43,33",184,300.8778966322
,5415635,,185,301.07,300.88,25.01,447.034,148.9,2166.47,1166.27,102.85,706.62,139124.67,0,0,486.78,68.8,0.46,0.721,1.678,0,"68,51,75,105,136,162,183,195,199,203,207,213,225,237,254,271,289,312,333,352,374,388,408,425,439,454,464,476,483,485,486,479,476,470,457,447,433,419,403,390,372,353,341,321,305,288,273,256,240,227,208,199,183,173,161,149,142,127,117,105,93,80,73,58,48,38,23",185,300.8789450281
,5415635,,186,299.46,300.87,25.5,449.364,151.1,2177.82,1135.12,103.65,722.52,139847.19,0,0,493.6,73.3,0.49,0.735,1.618,0,"68,48,72,97,125,152,174,189,194,197,201,205,216,230,246,263,282,303,320,340,360,377,394,412,427,441,458,468,479,486,490,492,493,488,481,472,457,445,430,414,397,377,358,339,323,300,284,271,254,241,227,211,195,188,176,164,157,142,130,118,105,96,86,73,66,51,41,31",186,300.87131382738
,5415635,,187,297.65,300.85,26.32,451.642,146.6,2188.86,1103.79,103.28,689.9,140537.08,0,0,487.36,68.8,0.47,0.712,1.568,0,"68,65,88,117,147,171,187,196,196,197,201,207,218,230,243,258,273,291,310,329,345,361,378,397,417,436,451,466,476,484,487,484,481,475,465,454,438,422,411,394,376,358,336,318,300,281,267,249,231,218,204,190,179,165,153,141,131,119,106,92,79,67,55,50,40,33",187,300.85408029332
,5415635,,188,298.1,300.84,26.94,453.856,146.6,2199.62,1076.19,103.47,672.22,141209.3,0,0,471.87,64.4,0.44,0.713,1.514,0,"69,52,73,100,132,154,174,186,189,193,199,204,219,232,249,268,289,310,330,351,368,388,406,422,442,453,465,470,471,470,463,460,451,444,433,416,401,380,365,347,328,311,295,281,267,257,243,234,221,211,199,186,179,165,156,147,132,125,111,99,84,74,62,50,41,26",188,300.83942204516
,5415635,,189,290.14,300.78,25.37,456.208,148.9,2210.93,1130.94,104.56,687.37,141896.68,0,0,476.52,66.6,0.45,0.732,1.633,0,"66,56,77,104,134,159,178,190,195,200,205,211,222,236,251,271,293,311,330,346,361,377,396,412,429,445,459,465,474,476,476,475,466,463,453,442,426,409,393,377,359,339,323,301,287,269,250,238,218,205,192,181,172,163,154,145,133,124,114,102,93,79,69,53,43,31,15",189,300.78280912898
,5415635,,190,291.27,300.73,25.67,458.524,148.9,2222.08,1115.43,104.76,715.25,142611.93,0,0,469.88,66.6,0.45,0.73,1.607,0,"66,56,81,110,143,171,188,198,198,201,207,212,227,241,256,278,295,314,333,349,366,383,397,411,428,440,451,461,463,469,467,464,465,457,459,454,445,439,421,407,391,371,355,334,317,299,282,266,251,238,223,212,201,189,178,166,149,135,123,111,97,87,75,65,53,43,31",190,300.73274787462
,5415635,,191,297.54,300.72,25.74,460.843,148.9,2233.29,1120.52,104.01,723.72,143335.65,0,0,486.46,68.8,0.46,0.726,1.605,0,"67,55,81,110,142,169,189,199,204,205,208,215,225,240,256,275,294,315,333,352,368,381,399,410,425,441,453,467,475,482,486,485,481,473,463,452,443,430,426,412,399,382,368,349,329,313,290,275,256,240,224,211,199,183,176,164,152,142,125,113,100,88,76,66,56,43,31",191,300.7160565429
,5415635,,192,326.62,300.85,29.4,462.882,151.1,2243.38,1008.79,101.16,744.49,144080.14,0,0,477.63,73.3,0.49,0.712,1.329,0,"72,44,75,109,146,185,216,233,238,241,246,255,265,277,286,297,309,321,333,343,352,359,369,383,399,417,433,449,455,466,470,476,477,476,475,471,465,458,444,428,412,390,374,356,339,324,306,288,271,254,237,220,207,192,182,172,161,151,135,124,111,95,89,73,65,57,44,38",192,300.85099292284
,5415635,,193,344.79,301.08,30.3,464.85,146.6,2253.38,1000.63,98.94,748.87,144829.01,0,0,529.42,68.8,0.47,0.676,1.304,0,"75,75,102,134,164,189,201,209,212,215,220,231,247,261,282,299,318,340,356,372,388,403,421,439,454,474,488,508,519,524,529,520,517,510,494,484,464,448,428,410,391,371,356,337,321,304,287,269,251,238,219,203,189,173,162,148,139,125,117,108,97,85,74,62,51,40",193,301.07864983231
,5415635,,194,342.53,301.29,28.4,466.952,148.9,2264.1,1071.97,98.56,728.26,145557.26,0,0,499.2,71.1,0.48,0.688,1.425,0,"76,60,89,118,148,177,199,208,216,216,217,229,234,248,264,275,295,312,330,347,366,382,401,419,433,452,463,475,487,491,497,499,496,490,481,469,451,432,415,395,379,362,347,336,315,301,279,262,252,234,224,208,195,181,171,160,149,141,127,118,107,93,82,68,54,43,29",194,301.29232240515
,5415635,,195,344.93,301.52,28.93,469.014,148.9,2274.61,1050.95,98.67,744.78,146302.04,0,0,483.59,71.1,0.48,0.686,1.388,0,"75,58,88,122,159,193,220,226,231,230,235,243,252,268,279,292,313,331,352,371,384,398,412,424,438,447,459,466,476,479,482,483,479,477,470,455,439,427,408,399,386,371,364,352,336,317,300,277,262,244,226,215,202,191,178,167,156,142,133,116,108,96,88,79,65,54,40",195,301.51611062162
,5415635,,196,352.88,301.78,29.67,471.018,151.1,2284.94,1033.25,97.85,753.6,147055.65,0,0,477.42,68.8,0.46,0.688,1.334,0,"76,70,100,135,171,203,227,235,240,239,242,249,255,268,277,289,307,321,340,354,370,380,393,409,421,438,451,462,471,474,477,475,473,473,465,461,450,441,428,415,407,390,375,359,340,323,309,291,276,257,241,228,211,198,184,172,161,149,138,120,112,100,88,79,65,53,44,30",196,301.77816044305
,5415635,,197,345.96,302,28.48,473.121,148.9,2295.68,1073.18,98.17,735.32,147790.97,0,0,486.31,73.3,0.49,0.683,1.424,0,"76,48,76,102,137,171,197,211,219,219,224,229,238,252,264,285,300,318,336,351,369,386,401,418,431,441,457,464,471,479,482,485,486,484,477,467,461,445,428,418,394,382,370,349,341,316,299,279,264,248,230,222,203,189,181,167,153,142,128,113,102,90,76,70,56,47,39",197,302.00243170925
,5415635,,198,351.88,302.25,28.87,475.187,148.9,2306.25,1057.67,98.23,758.32,148549.29,0,0,505.69,73.3,0.49,0.679,1.399,0,"76,64,102,137,177,211,232,242,244,248,253,264,274,287,299,311,327,342,360,374,388,402,417,432,442,456,465,477,489,497,503,504,505,499,492,482,463,443,423,401,381,366,345,331,323,303,293,278,257,244,228,214,200,183,172,158,149,141,126,112,100,85,76,68,56,47,33",198,302.25435542941
,5415635,,199,349.43,302.49,29.76,477.184,144.4,2316.56,1030.79,97.79,709.63,149258.92,0,0,472.41,71.1,0.49,0.659,1.357,0,"77,72,101,133,169,199,217,227,233,234,243,250,263,278,292,307,322,337,352,367,377,392,406,417,430,438,447,456,460,467,470,472,472,464,456,442,427,409,390,373,358,343,326,313,293,278,263,247,229,215,202,186,177,164,149,141,127,118,107,98,87,75,64,55,52",199,302.49141133219
,5415635,,200,349.58,302.73,29.15,479.23,146.6,2327.03,1046.41,98.34,739.32,149998.25,0,0,486.78,68.8,0.47,0.671,1.387,0,"76,74,102,139,178,208,225,233,238,239,247,256,267,282,294,308,324,341,358,376,387,402,412,422,438,445,460,470,475,483,486,486,484,477,472,456,440,425,404,390,376,360,348,334,320,303,286,268,249,233,223,204,193,182,165,160,145,131,120,105,94,82,70,62,50,42",200,302.72683850469
,5415635,,201,344.88,302.94,29.46,481.256,144.4,2337.4,1037.12,98.2,701.41,150699.66,0,0,478.75,66.6,0.46,0.663,1.374,0,"77,70,98,130,165,190,209,219,222,229,234,243,257,266,278,295,309,333,350,364,382,391,406,418,428,443,456,466,475,478,477,472,463,453,437,428,411,398,387,370,356,340,322,308,294,280,265,247,237,221,205,195,178,162,154,140,126,115,101,87,78,67,53,44,33",201,302.93653492919
,5415635,,202,349.4,303.17,31.09,483.175,148.9,2347.25,984.99,97.97,689.41,151389.07,0,0,446,64.4,0.43,0.682,1.248,0,"78,51,81,112,145,174,199,216,226,231,234,240,247,261,275,292,308,326,345,361,375,388,399,409,421,429,435,441,445,445,442,437,426,415,403,393,377,366,357,342,340,327,317,303,284,272,255,242,230,217,207,196,186,178,164,153,142,131,123,117,103,92,81,64,61,45,34",202,303.16657069579
,5415635,,203,364.12,303.47,33.11,484.978,144.4,2356.57,932.63,97.14,735.33,152124.4,0,0,489.71,71.1,0.49,0.651,1.161,0,"79,58,91,130,167,207,236,249,256,258,260,270,276,289,304,316,333,349,363,375,384,391,401,410,420,430,445,456,470,482,482,489,484,479,475,461,446,428,406,388,370,357,343,329,320,302,286,273,251,238,224,204,193,175,161,149,137,128,110,104,92,78,75,57,48",203,303.46684558901
,5415635,,204,368.99,303.79,32.47,486.815,144.4,2366.2,962.87,95.96,705.03,152829.44,0,0,464.05,71.1,0.49,0.647,1.201,0,"81,63,94,127,160,192,214,226,230,233,234,242,257,267,283,301,314,333,354,364,381,392,399,413,419,433,444,450,459,461,460,464,460,453,444,431,412,400,382,367,359,337,328,311,295,283,267,251,237,223,206,198,184,172,163,149,137,128,113,104,92,77,71,59,47",204,303.78804792114
,5415635,,205,379.72,304.16,34.01,488.575,144.4,2375.45,924.96,95.36,709.42,153538.86,0,0,473.51,68.8,0.48,0.641,1.123,0,"83,51,85,113,145,184,213,230,243,245,244,250,256,268,284,301,322,344,363,384,400,410,424,430,435,446,448,456,462,466,473,469,465,461,451,440,426,406,390,374,360,343,328,316,297,284,268,248,234,217,202,193,175,164,151,136,130,115,103,93,78,72,60,47,41",205,304.15846344171
,5415635,,206,382.82,304.54,33.8,490.334,144.4,2384.81,935.58,94.86,703.57,154242.44,0,0,459.88,71.1,0.49,0.639,1.136,0,"84,57,89,120,159,194,226,243,249,250,250,254,262,270,280,295,314,332,355,370,383,396,404,418,426,436,442,448,454,455,458,459,452,453,442,431,420,402,386,367,353,338,320,308,292,276,262,245,231,217,202,191,179,164,155,140,130,121,109,100,84,75,63,54,47",206,304.54029806271
,5415635,,207,389.44,304.95,34.15,492.078,146.6,2394.11,929.86,94.48,725.68,154968.11,0,0,468.88,71.1,0.48,0.644,1.113,0,"84,61,92,123,160,200,230,242,247,247,249,256,264,277,289,307,322,338,357,375,390,404,414,421,429,437,445,449,460,464,467,468,467,467,460,454,437,417,401,382,368,356,338,328,309,290,279,259,245,230,215,200,188,173,157,145,132,126,117,104,94,82,69,63,50,44",207,304.95042231333
,5415635,,208,388.96,305.35,34.94,493.794,142.2,2403.23,912.93,94.04,688.06,155656.18,0,0,453.23,71.1,0.5,0.624,1.093,0,"86,66,95,132,166,205,228,238,245,243,242,248,254,262,276,287,305,321,337,354,365,380,389,396,408,410,420,430,436,447,450,453,448,445,434,422,413,392,381,364,344,331,313,303,290,276,265,248,234,219,204,189,180,168,153,144,128,112,103,91,84,75,62,56",208,305.35430699095
,5415635,,209,406.62,305.84,36.45,495.424,144.4,2412.05,881.51,93.36,729.58,156385.76,0,0,469.21,68.8,0.48,0.626,1.02,0,"87,55,89,122,165,201,235,255,259,267,267,275,284,293,304,315,332,346,364,381,393,402,412,417,424,435,443,451,459,465,469,467,464,462,453,444,434,415,398,381,360,347,328,315,304,290,276,261,246,231,222,213,197,191,175,159,149,130,117,107,87,80,71,58,51",209,305.83883028628
,5415635,,210,405.08,306.31,36.12,497.072,142.2,2421.01,896.56,92.63,685.99,157071.74,0,0,438.76,68.8,0.48,0.614,1.047,0,"88,88,115,156,194,223,246,252,253,255,257,263,269,280,293,310,331,351,366,377,386,393,400,407,414,419,421,429,431,433,438,435,431,425,412,396,381,364,352,336,326,310,299,289,271,260,248,240,228,222,207,191,178,162,150,133,117,104,88,78,68,56,49,46",210,306.31142656085
,5415635,,211,409.59,306.8,36.54,498.706,144.4,2429.85,883.99,92.87,711.73,157783.47,0,0,451.17,68.8,0.48,0.623,1.019,0,"89,55,91,122,161,195,228,244,250,252,249,255,263,276,290,306,315,332,349,357,375,382,386,400,407,414,424,432,437,445,451,451,450,450,441,434,421,408,397,379,364,351,338,328,315,297,280,265,250,238,229,213,204,188,172,162,143,129,113,96,87,73,63,54,44",211,306.80090645764
,5415635,,212,429.82,307.38,41.07,500.155,140,2437.87,801.38,91.16,674.51,158457.98,0,0,435.22,66.6,0.48,0.593,0.868,0,"93,59,100,131,175,219,250,268,274,274,269,275,282,286,300,310,325,343,354,372,387,396,408,407,414,419,423,431,430,435,434,432,431,426,422,413,395,380,358,341,324,306,292,273,265,249,237,217,204,191,175,168,155,141,135,121,108,94,84,70,60,53,37",212,307.38120650978
,5415635,,213,424.37,307.93,38.02,501.723,142.2,2446.5,862.89,91.44,694.97,159152.95,0,0,443.22,68.8,0.48,0.604,0.974,0,"91,84,122,158,199,234,253,262,261,258,262,269,277,287,298,310,325,340,356,372,384,395,402,407,414,421,426,431,436,441,443,442,441,434,426,415,401,379,367,350,333,320,302,287,275,260,248,235,219,210,197,187,174,168,154,137,127,110,97,87,73,59,53,43",213,307.93047079293
,5415635,,214,424.25,308.47,39.29,503.249,140,2454.86,835.83,91.35,653.19,159806.14,0,0,427.96,62.2,0.44,0.595,0.932,0,"92,90,124,159,196,229,244,252,254,248,256,263,269,283,292,309,324,340,355,369,381,390,399,401,410,418,419,427,426,427,426,419,414,400,389,368,355,339,319,305,285,270,265,253,241,229,213,207,194,188,178,165,155,142,132,119,109,96,79,72,59,49,46",214,308.47401933135
,5415635,,215,428.47,309.03,39.71,504.742,137.7,2463.11,825.17,91.56,710.95,160517.1,0,0,466.22,66.6,0.48,0.583,0.928,0,"91,84,116,152,193,225,249,258,259,259,265,271,285,301,318,338,356,375,389,403,415,426,436,438,449,449,455,460,463,466,465,465,458,451,441,427,412,393,377,361,350,336,321,313,291,279,260,240,224,207,191,181,160,146,133,115,108,91,81,70,60,53",215,309.03214050595
,5415635,,216,450.82,309.69,42.37,506.149,137.7,2470.99,788.28,89.82,694.48,161211.58,0,0,459.75,64.4,0.47,0.573,0.843,0,"96,55,98,137,178,220,253,266,273,272,274,281,293,310,323,336,355,368,380,395,402,406,416,423,430,444,452,451,459,455,454,456,448,437,428,419,400,386,369,345,330,318,299,283,270,253,240,230,209,196,182,171,161,146,136,121,107,96,82,71,64,57",216,309.68858278064
,5415635,,217,446.1,310.32,40.32,507.627,137.7,2479.29,829.92,89.65,668.74,161880.32,0,0,446.21,66.6,0.48,0.575,0.913,0,"96,79,113,147,183,216,239,247,254,255,259,268,277,287,299,314,330,348,362,379,391,401,410,415,425,432,437,442,444,446,441,440,432,420,414,399,382,369,348,330,319,300,285,272,256,243,230,217,203,186,172,165,148,141,127,113,99,85,77,60,56,42",217,310.31722709877
,5415635,,218,448.81,310.95,40.43,509.111,140,2487.54,825.3,89.91,692.96,162573.27,0,0,452.08,73.3,0.52,0.585,0.899,0,"96,65,100,134,170,209,246,267,276,280,282,286,293,300,307,320,336,349,365,380,392,401,411,418,425,430,435,439,441,449,448,450,452,444,436,420,405,385,368,348,330,311,296,277,260,248,234,225,208,201,191,184,177,164,142,132,118,104,96,79,68,57,43",218,310.95252615355
,5415635,,219,444.24,311.56,42.11,510.517,133.3,2495.49,794.69,89.66,639.02,163212.29,0,0,419.98,64.4,0.48,0.557,0.868,0,"96,69,108,145,187,224,255,266,275,277,276,288,292,307,320,331,347,358,369,381,390,397,404,405,403,410,411,412,419,414,415,416,405,402,389,370,359,332,314,299,281,268,253,236,223,210,197,191,174,167,160,146,140,122,112,101,87,77,67,56",219,311.56112628894
